,Link,Title
0,https://blog.naver.com/inf_day?Redirect=Log&logNo=222451011709,2022소방공채인강추천☞해커스소방한국사연미정
1,https://blog.naver.com/inf_day?Redirect=Log&logNo=222439701988,터키여행을위한정보(~ing)
2,https://blog.naver.com/inf_day?Redirect=Log&logNo=222442665308,2022소방공채인강추천☞해커스소방관계법규김정희
3,https://blog.naver.com/inf_day?Redirect=Log&logNo=222442660085,경찰시험과목및모두경인강추천(경찰공무원합격!)
4,https://blog.naver.com/inf_day?Redirect=Log&logNo=222439681146,서울여행을위한정보(~ing)
5,https://blog.naver.com/inf_day?Redirect=Log&logNo=222441113387,"차량용방향제추천,아이수피아산뜻한공기"
6,https://blog.naver.com/inf_day?Redirect=Log&logNo=222439823409,도쿄2020올림픽(Tokyo2020Olympic)종목/일정한눈에보기
7,https://blog.naver.com/inf_day?Redirect=Log&logNo=222439655520,서울추천맛집리스트(~ing)
8,https://blog.naver.com/inf_day?Redirect=Log&logNo=222439859086,"고보습야외필수템,골프마스크팩"
9,https://blog.naver.com/inf_day?Redirect=Log&logNo=222439730197,대전광역시여행을위한정보(~ing)
10,https://blog.naver.com/inf_day?Redirect=Log&logNo=222439584619,프랑스여행을위한정보(~ing)
11,https://blog.naver.com/inf_day?Redirect=Log&logNo=222439573013,제주도여행을위한정보(~ing)
12,https://blog.naver.com/inf_day?Redirect=Log&logNo=222439434017,강원도여행을위한정보(~ing)
13,https://blog.naver.com/inf_day?Redirect=Log&logNo=222437296424,SK매직스스로직수정수기(~21.7.20.)
14,https://blog.naver.com/inf_day?Redirect=Log&logNo=222412259448,"소방공무원강의후기,해커스소방학이영철"
15,https://blog.naver.com/inf_day?Redirect=Log&logNo=222412256963,"소방공무원강의후기,소방영어김정연"
16,https://blog.naver.com/inf_day?Redirect=Log&logNo=222398295606,"곰소염전천일염,솔티앙가는소금으로양배추반찬만들기"
17,https://blog.naver.com/inf_day?Redirect=Log&logNo=222391736138,"관절영양제,모에버식이유황MSM파우더"
18,https://blog.naver.com/inf_day?Redirect=Log&logNo=222389107189,지텔프독학목표달성(feat.시원스쿨지텔프)
19,https://blog.naver.com/inf_day?Redirect=Log&logNo=222375802104,"공무원시험,해커스인강::해커스한국사이중석강의후기"
20,https://blog.naver.com/inf_day?Redirect=Log&logNo=222375782776,"공무원시험,해커스인강::해커스국어신민숙강의후기"
21,https://blog.naver.com/inf_day?Redirect=Log&logNo=222375545252,"2022소방시험인강후기,해커스소방한국사연미정"
22,https://blog.naver.com/inf_day?Redirect=Log&logNo=222375041923,"2022소방시험인강후기,해커스소방학이영철"
23,https://blog.naver.com/inf_day?Redirect=Log&logNo=222339412731,"사회조사분석사2급독학,와우패스환급반후기"
24,https://blog.naver.com/inf_day?Redirect=Log&logNo=222339412067,사회조사분석사2급시험일정과출제범위한눈에보기
25,https://blog.naver.com/inf_day?Redirect=Log&logNo=222300537519,자기계발｜책리뷰::사이먼마이어외1의위대한연설100(그들은어떻게말로세상을움직였나)
26,https://blog.naver.com/inf_day?Redirect=Log&logNo=222300526262,시집｜좋은글::류시화의지금알고있는걸그때도알았더라면
27,https://blog.naver.com/inf_day?Redirect=Log&logNo=222309904938,한눈에보는채용공고｜2021년상반기국민건강보험공단
28,https://blog.naver.com/inf_day?Redirect=Log&logNo=222300532997,산문｜책리뷰::김탁환의아비그리울때보라
29,https://blog.naver.com/inf_day?Redirect=Log&logNo=222308432016,한눈에보는채용공고｜2021년상반기도로교통공단
30,https://blog.naver.com/inf_day?Redirect=Log&logNo=222300518018,철학｜책리뷰::마르쿠스아우렐리우스의명상록
