,Link,Title
0,https://blog.naver.com/shop2930?Redirect=Log&logNo=222440935537,"라이브커머스앱그립,특가구매하기!"
1,https://blog.naver.com/shop2930?Redirect=Log&logNo=222439319710,수술흉터관리이지스카젤시트후기!
2,https://blog.naver.com/shop2930?Redirect=Log&logNo=222436843171,"마켓컬리다이어트식단추천상품,추천인shop2930"
3,https://blog.naver.com/shop2930?Redirect=Log&logNo=222435759769,아이오수비드머신수란부터닭가슴살까지!
4,https://blog.naver.com/shop2930?Redirect=Log&logNo=222433377501,"다이어트밥,라이스몬스터귀리곤약밥3종후기!"
5,https://blog.naver.com/shop2930?Redirect=Log&logNo=222431012824,피쉬앤초밥재료로집에서간편하게초밥만들기!
6,https://blog.naver.com/shop2930?Redirect=Log&logNo=222429692510,셀프치석제거기치밍아웃사용후기!
7,https://blog.naver.com/shop2930?Redirect=Log&logNo=222428320627,"유지장치틀니세정제,거품치약덴포밍후기!"
8,https://blog.naver.com/shop2930?Redirect=Log&logNo=222426493797,비건빵망넛이네찹싸루니베스트6종후기!
9,https://blog.naver.com/shop2930?Redirect=Log&logNo=222423961142,저칼로리아이스크림스키니피그다이어트간식추천!
10,https://blog.naver.com/shop2930?Redirect=Log&logNo=222421878366,"각도조절자세교정의자,에스백콕후기!"
11,https://blog.naver.com/shop2930?Redirect=Log&logNo=222419613575,"다이어트차전자피과자,리즈킷추천!"
12,https://blog.naver.com/shop2930?Redirect=Log&logNo=222417290432,"라이브커머스그립초대코드,최저가로득템!"
13,https://blog.naver.com/shop2930?Redirect=Log&logNo=222414909447,"아임닭닭가슴살스테이크,이온더핏제로식단관리!"
14,https://blog.naver.com/shop2930?Redirect=Log&logNo=222412505404,"다이어트간식추천,동원참치단백질바후기!"
15,https://blog.naver.com/shop2930?Redirect=Log&logNo=222409435157,강릉현지인맛집추천!주문진항샵20후기
16,https://blog.naver.com/shop2930?Redirect=Log&logNo=222407028575,"강릉안목해변,모래시계공원후기!"
17,https://blog.naver.com/shop2930?Redirect=Log&logNo=222404865162,"마켓컬리추천인및쿠폰,다이어트추천상품!"
18,https://blog.naver.com/shop2930?Redirect=Log&logNo=222402902916,"강릉순두부마을맛집동화가든,순두부젤라또후기!"
19,https://blog.naver.com/shop2930?Redirect=Log&logNo=222400849507,강릉가볼만한곳오죽헌후기
20,https://blog.naver.com/shop2930?Redirect=Log&logNo=222398668633,"스벅신메뉴,딸기레몬블렌디드칼로리및후기!"
21,https://blog.naver.com/shop2930?Redirect=Log&logNo=222397252154,포켓라이스도시락저탄수다이어트식단관리추천!
22,https://blog.naver.com/shop2930?Redirect=Log&logNo=222392202604,단백질쉐이크나에게용기를식사대용으로강추!
23,https://blog.naver.com/shop2930?Redirect=Log&logNo=222390697968,강릉여행코스테라로사커피공장본점추천!
24,https://blog.naver.com/shop2930?Redirect=Log&logNo=222388036044,맛있는허브차티샹떼로수분보충!
25,https://blog.naver.com/shop2930?Redirect=Log&logNo=222374566297,고체육수김원효의한끼해효맛알로국물내기!
26,https://blog.naver.com/shop2930?Redirect=Log&logNo=222371248558,콜드브루메이커집에서더치커피만들기!
27,https://blog.naver.com/shop2930?Redirect=Log&logNo=222367487493,카레두부볶음밥간단한다이어트식단!
28,https://blog.naver.com/shop2930?Redirect=Log&logNo=222363676042,다이어트바추천!미트업담백해바단백질보충
29,https://blog.naver.com/shop2930?Redirect=Log&logNo=222361193572,오가닉밸리미국유기농무염버터토달볶만들기!
30,https://blog.naver.com/shop2930?Redirect=Log&logNo=222358202409,"단기다이어트식단,농심밈5간편하고맛있게!"
31,https://blog.naver.com/shop2930?Redirect=Log&logNo=222355518474,"건조야채믹스,말랭이여사강된장찌개키트추천!"
32,https://blog.naver.com/shop2930?Redirect=Log&logNo=222354060656,마켓컬리추천인shop2930&참여이벤트명
33,https://blog.naver.com/shop2930?Redirect=Log&logNo=222351948045,밀키트굿테이블추천인asdf11밀착배송으로빠르게!
34,https://blog.naver.com/shop2930?Redirect=Log&logNo=222348018730,라이틀리한끼소고기식단조절스테이크추천!
35,https://blog.naver.com/shop2930?Redirect=Log&logNo=222347041274,"식재료보관용기,푸레시채반용기로더욱신선하게!"
36,https://blog.naver.com/shop2930?Redirect=Log&logNo=222344730773,청주산남동뷔페맛집트리제이더테라스후기
37,https://blog.naver.com/shop2930?Redirect=Log&logNo=222342411624,휴대용정수기워터스에이스바이오플러스추천!
38,https://blog.naver.com/shop2930?Redirect=Log&logNo=222339952797,"사진용량줄이기,이미지프레소고화질그대로!"
39,https://blog.naver.com/shop2930?Redirect=Log&logNo=222334620752,영화비와당신의이야기줄거리및후기쿠키영상
40,https://blog.naver.com/shop2930?Redirect=Log&logNo=222330360978,"꾸덕한그릭요거트추천,그릭오2종후기!"
41,https://blog.naver.com/shop2930?Redirect=Log&logNo=222327704542,"파일프레소,업무효율높여주는파일용량줄이기!"
42,https://blog.naver.com/shop2930?Redirect=Log&logNo=222324524148,"키토제닉식빵만들기,키토마켓베이킹믹스후기!"
43,https://blog.naver.com/shop2930?Redirect=Log&logNo=222321142385,스타벅스오가닉그릭요거트영양성분및후기
44,https://blog.naver.com/shop2930?Redirect=Log&logNo=222318797266,입마름원인가글사용법만족한것!
45,https://blog.naver.com/shop2930?Redirect=Log&logNo=222315236356,로스트아크이마트24모코코도시락2종후기!
46,https://blog.naver.com/shop2930?Redirect=Log&logNo=222314040270,32인치모니터암추천펠로우즈싱글후기!
47,https://blog.naver.com/shop2930?Redirect=Log&logNo=222310701472,요기요오늘의할인네이버음성검색비밀쿠폰챙겨요!
48,https://blog.naver.com/shop2930?Redirect=Log&logNo=222308069549,마켓컬리추천인shop2930다이어트식단후기
49,https://blog.naver.com/shop2930?Redirect=Log&logNo=222305844469,팥다이어트아이밀팥톡스후기!
50,https://blog.naver.com/shop2930?Redirect=Log&logNo=222303789650,설탕대용제로칼로리스위트너설탕후기!
51,https://blog.naver.com/shop2930?Redirect=Log&logNo=222301396913,스승의날선물장이자개머그컵추천!
52,https://blog.naver.com/shop2930?Redirect=Log&logNo=222298871133,레그모아뷰티레그체형교정기바른자세만들기!
53,https://blog.naver.com/shop2930?Redirect=Log&logNo=222296858231,라야와마지막드래곤줄거리및후기(쿠키영상x)
54,https://blog.naver.com/shop2930?Redirect=Log&logNo=222294637000,"단백질보충간식,아임닭닭가슴살큐브추천!"
55,https://blog.naver.com/shop2930?Redirect=Log&logNo=222293490004,"어묵선물세트추천,수어담알쏙어묵후기!"
56,https://blog.naver.com/shop2930?Redirect=Log&logNo=222292249647,"만능인덕션스텐찜기,쉬젤웰빙쿠커추천!"
57,https://blog.naver.com/shop2930?Redirect=Log&logNo=222291068829,"간편하게육수내기,육수혁명더편한육수한알로!"
58,https://blog.naver.com/shop2930?Redirect=Log&logNo=222290049482,지압신발풋테크3303여성용캐주얼컴포트화후기!
59,https://blog.naver.com/shop2930?Redirect=Log&logNo=222287943799,당뇨혈당측정기닥터다이어리혈당측정기추천!
60,https://blog.naver.com/shop2930?Redirect=Log&logNo=222286817367,분당허리통증클래스바디체형교정센터후기
61,https://blog.naver.com/shop2930?Redirect=Log&logNo=222285428519,"지중해식식단,메디쏠라냉동도시락추천!"
62,https://blog.naver.com/shop2930?Redirect=Log&logNo=222283319387,넷플릭스영화킹아서:제왕의검줄거리및후기
63,https://blog.naver.com/shop2930?Redirect=Log&logNo=222278146790,홈트기구요술EMS버닝다이어트벨트후기!
64,https://blog.naver.com/shop2930?Redirect=Log&logNo=222274849717,전자레인지초간단양배추피자만들기
65,https://blog.naver.com/shop2930?Redirect=Log&logNo=222272684326,홈오피스인테리어후니네가게높이조절테이블추천!
66,https://blog.naver.com/shop2930?Redirect=Log&logNo=222270451408,마켓컬리추천인shop29303월쿠폰!
67,https://blog.naver.com/shop2930?Redirect=Log&logNo=222268008119,"미스터리스릴러영화,시간위의집줄거리및후기"
68,https://blog.naver.com/shop2930?Redirect=Log&logNo=222266103198,영화써니줄거리및후기
69,https://blog.naver.com/shop2930?Redirect=Log&logNo=222262656865,"그대로말린천연조미료,톡톡채소추천!"
70,https://blog.naver.com/shop2930?Redirect=Log&logNo=222261473838,"마스크공기순환기,에이플러그에어클립추천!"
71,https://blog.naver.com/shop2930?Redirect=Log&logNo=222259328727,영화말모이줄거리및후기
72,https://blog.naver.com/shop2930?Redirect=Log&logNo=222258360452,곤약떡볶이대신진선미통밀떡볶이추천!
73,https://blog.naver.com/shop2930?Redirect=Log&logNo=222257086434,스타벅스소이라떼(두유라떼)칼로리및후기
74,https://blog.naver.com/shop2930?Redirect=Log&logNo=222255745748,마켓컬리추천인shop2930다이어트추천상품
75,https://blog.naver.com/shop2930?Redirect=Log&logNo=222253295179,단백질간식양치승근육장사후기!
76,https://blog.naver.com/shop2930?Redirect=Log&logNo=222251984414,홈트레이닝기구코지마쉐이크보드후기!
77,https://blog.naver.com/shop2930?Redirect=Log&logNo=222246382442,곡물발효효소비비랩이너뷰효소추천!
78,https://blog.naver.com/shop2930?Redirect=Log&logNo=222242750927,넷플릭스내가사랑했던모든남자들에게3(내사모남3)후기!
79,https://blog.naver.com/shop2930?Redirect=Log&logNo=222240508294,"승리호줄거리및후기,넷플릭스영화추천!"
80,https://blog.naver.com/shop2930?Redirect=Log&logNo=222238741326,냉동도시락선수바디식단관리도시락추천!
81,https://blog.naver.com/shop2930?Redirect=Log&logNo=222235025268,임산부영양제마이카인드비타민D추천!
82,https://blog.naver.com/shop2930?Redirect=Log&logNo=222232602197,원데이클렌즈후기(feat.준이네클렌즈주스)
83,https://blog.naver.com/shop2930?Redirect=Log&logNo=222229547609,영화삼진그룹영어토익반줄거리및후기!
84,https://blog.naver.com/shop2930?Redirect=Log&logNo=222227304238,예인수산진짜해물건더기라면레시피추천!
85,https://blog.naver.com/shop2930?Redirect=Log&logNo=222226415426,"무화당초고추장후기,저탄수키토소스추천!"
86,https://blog.naver.com/shop2930?Redirect=Log&logNo=222224250878,플라스틱줄이기필립스정수기추천
87,https://blog.naver.com/shop2930?Redirect=Log&logNo=222222820026,집에서간편하게바이오컴미네랄검사후기!
88,https://blog.naver.com/shop2930?Redirect=Log&logNo=222220783423,넷플릭스영화하우투비싱글줄거리및후기
89,https://blog.naver.com/shop2930?Redirect=Log&logNo=222217974803,혈관에좋은영양제뉴트리원알티지오메가3추천!
90,https://blog.naver.com/shop2930?Redirect=Log&logNo=222215833957,영화부산행줄거리및후기!
91,https://blog.naver.com/shop2930?Redirect=Log&logNo=222211012425,줄리&줄리아(줄리앤줄리아)줄거리및후기
92,https://blog.naver.com/shop2930?Redirect=Log&logNo=222208050062,제4회아임닭&아임웰연말대상이벤트당첨후기!
93,https://blog.naver.com/shop2930?Redirect=Log&logNo=222202536803,오플닷컴해외직구다이어트식품후기!
94,https://blog.naver.com/shop2930?Redirect=Log&logNo=222199294926,비투온포스트바이오틱스100억맥스유산균챙기기!
95,https://blog.naver.com/shop2930?Redirect=Log&logNo=222196722420,영화차인표줄거리및결말솔직후기
96,https://blog.naver.com/shop2930?Redirect=Log&logNo=222193073107,영화더킹줄거리결말및후기
97,https://blog.naver.com/shop2930?Redirect=Log&logNo=222191339923,[공유][우수후기40만원]디클클릭북프로K50시리즈체험단(회수형)모집
98,https://blog.naver.com/shop2930?Redirect=Log&logNo=222190056754,디스커버리채널코리아헬로플레이트함께떠나는세계여행!
99,https://blog.naver.com/shop2930?Redirect=Log&logNo=222188849197,게이밍헤드셋N앤쇼핑레노버HS25추천!
100,https://blog.naver.com/shop2930?Redirect=Log&logNo=222187654989,무설탕초콜릿라발란스프로틴초코볼추천!
101,https://blog.naver.com/shop2930?Redirect=Log&logNo=222186718630,마켓컬리추천인shop2930&추천상품5가지!
102,https://blog.naver.com/shop2930?Redirect=Log&logNo=222185813341,"힐링영화추천내어깨위고양이,밥1줄거리및후기!"
103,https://blog.naver.com/shop2930?Redirect=Log&logNo=222184899948,넷플릭스영화크리스마스연대기1줄거리및후기
104,https://blog.naver.com/shop2930?Redirect=Log&logNo=222182419111,이너뷰티젤리글로우젤리스틱추천!
105,https://blog.naver.com/shop2930?Redirect=Log&logNo=222180482882,굽네몰아이스구운단호박다이어트식단추천!
106,https://blog.naver.com/shop2930?Redirect=Log&logNo=222179480138,"복부,허리찜질팩렉스웜온열밴드추천!"
107,https://blog.naver.com/shop2930?Redirect=Log&logNo=222176653777,판교마사지더풋샵판교크래프톤점후기!
108,https://blog.naver.com/shop2930?Redirect=Log&logNo=222174349864,넷플릭스영화콜줄거리및결말!
109,https://blog.naver.com/shop2930?Redirect=Log&logNo=222172990646,반하누추천인shop2930신규회원혜택까지!
110,https://blog.naver.com/shop2930?Redirect=Log&logNo=222171362486,로드닭닭가슴살만두100다이어트식단추천!
111,https://blog.naver.com/shop2930?Redirect=Log&logNo=222167115677,다이어트소스무화당네츄럴제로저당소스추천!
112,https://blog.naver.com/shop2930?Redirect=Log&logNo=222162657246,청정원집으로ON팔도별미국탕3종후기
113,https://blog.naver.com/shop2930?Redirect=Log&logNo=222159266729,건강한리뷰를위한클린콘텐츠캠페인참여합니다!
114,https://blog.naver.com/shop2930?Redirect=Log&logNo=222154621074,"가성비갑무선청소기,모온오비큠플러스실사용후기!"
115,https://blog.naver.com/shop2930?Redirect=Log&logNo=222152866260,마켓컬리추천인shop2930블랙위크혜택!
116,https://blog.naver.com/shop2930?Redirect=Log&logNo=222151124866,지브리영화고양이의보은줄거리및후기!
117,https://blog.naver.com/shop2930?Redirect=Log&logNo=222149456215,넷플릭스영화건지감자껍질파이북클럽줄거리및후기!
118,https://blog.naver.com/shop2930?Redirect=Log&logNo=222147439433,건강현미밥바다이어트저녁식단추천!
119,https://blog.naver.com/shop2930?Redirect=Log&logNo=222146476407,넷플릭스영화마드무아젤:위대한유혹줄거리및후기!
120,https://blog.naver.com/shop2930?Redirect=Log&logNo=222145197344,"지브리영화,귀를기울이면줄거리및후기"
121,https://blog.naver.com/shop2930?Redirect=Log&logNo=222143001519,넷플릭스영화추천레베카줄거리및후기!
122,https://blog.naver.com/shop2930?Redirect=Log&logNo=222142127660,원룸무선청소기모온오비큠플러스추천!
123,https://blog.naver.com/shop2930?Redirect=Log&logNo=222140595631,영화완벽한타인줄거리및후기!
124,https://blog.naver.com/shop2930?Redirect=Log&logNo=222139658255,휴대용듀얼살균기클레어iU추천!
125,https://blog.naver.com/shop2930?Redirect=Log&logNo=222138947153,"식물성단백질,데일리비건비미트콩고기추천!"
126,https://blog.naver.com/shop2930?Redirect=Log&logNo=222138155096,"무선온열안대,아이핏수면안대추천!"
127,https://blog.naver.com/shop2930?Redirect=Log&logNo=222136110979,"몰카찾는법,동그라미연구소몰카탐지카드후기!"
128,https://blog.naver.com/shop2930?Redirect=Log&logNo=222135470266,"게살볶음밥만들기,신선한대호수산추천!"
129,https://blog.naver.com/shop2930?Redirect=Log&logNo=222134709845,"말린표고버섯요리,보배네표고버섯추천!"
130,https://blog.naver.com/shop2930?Redirect=Log&logNo=222133523918,코미디영화추천!럭키줄거리및후기
131,https://blog.naver.com/shop2930?Redirect=Log&logNo=222132166557,"부모님겨울선물,솔스마트발열조끼추천!"
132,https://blog.naver.com/shop2930?Redirect=Log&logNo=222123375726,"온열안대추천,환절기눈건강지켜요!"
133,https://blog.naver.com/shop2930?Redirect=Log&logNo=222121526044,"영상미이쁜영화추천,어톤먼트줄거리&후기!"
134,https://blog.naver.com/shop2930?Redirect=Log&logNo=222119696849,"맛있는다이어트식단,포켓샐러드추천!"
135,https://blog.naver.com/shop2930?Redirect=Log&logNo=222119016366,넷플릭스영화디센던트줄거리및후기
136,https://blog.naver.com/shop2930?Redirect=Log&logNo=222118054995,영화봉오동전투줄거리및후기!
137,https://blog.naver.com/shop2930?Redirect=Log&logNo=222117084156,영화미비포유줄거리&후기
138,https://blog.naver.com/shop2930?Redirect=Log&logNo=222115369269,넷플릭스영화고스트버스터즈2016줄거리및후기!
139,https://blog.naver.com/shop2930?Redirect=Log&logNo=222110212150,영화테넷줄거리및결말.
140,https://blog.naver.com/shop2930?Redirect=Log&logNo=222109209828,마이비밀밸런스다이어트도시락후기!
141,https://blog.naver.com/shop2930?Redirect=Log&logNo=222108164491,영화테넷후기및아쉬운점쿠키없음
142,https://blog.naver.com/shop2930?Redirect=Log&logNo=222107057038,청주참치맛집원양참치정육점추천!
143,https://blog.naver.com/shop2930?Redirect=Log&logNo=222105827375,넷플릭스킬링타임영화돈줄거리및후기!
144,https://blog.naver.com/shop2930?Redirect=Log&logNo=222105015459,킬링타임영화추천!나쁜녀석들:더무비줄거리및후기
145,https://blog.naver.com/shop2930?Redirect=Log&logNo=222104210031,영화힘을내요미스터리줄거리&후기!
146,https://blog.naver.com/shop2930?Redirect=Log&logNo=222102842058,레이디가구잠재력듀얼폼토퍼매트리스후기!
147,https://blog.naver.com/shop2930?Redirect=Log&logNo=222099591303,넷플릭스영화추천!에놀라홈즈줄거리및후기
148,https://blog.naver.com/shop2930?Redirect=Log&logNo=222098672904,마켓컬리다이어트추천상품추천인shop2930
149,https://blog.naver.com/shop2930?Redirect=Log&logNo=222097516792,"굽네닭가슴살육포갈비천왕,볼케이노후기"
150,https://blog.naver.com/shop2930?Redirect=Log&logNo=222095273073,넷플릭스영화추천!레이디맥베스줄거리및후기
151,https://blog.naver.com/shop2930?Redirect=Log&logNo=222094100718,"아임웰건강간식,군고구마바&웰치즈추천!"
152,https://blog.naver.com/shop2930?Redirect=Log&logNo=222092938973,다이어트간식굽네고구마큐브추천!
153,https://blog.naver.com/shop2930?Redirect=Log&logNo=222092020343,1am바로먹는알뜰곤약면추천!
154,https://blog.naver.com/shop2930?Redirect=Log&logNo=222090937395,티솜달콤홍차홈카페밀크티즐기기!
155,https://blog.naver.com/shop2930?Redirect=Log&logNo=222088213782,넷플릭스영화작은아씨들후기
156,https://blog.naver.com/shop2930?Redirect=Log&logNo=222087716372,넷플릭스영화상사에대처하는로맨틱한자세줄거리&후기
157,https://blog.naver.com/shop2930?Redirect=Log&logNo=222085855645,마켓컬리추천인shop2930마이비밀떡볶이후기
158,https://blog.naver.com/shop2930?Redirect=Log&logNo=222084017905,액션코미디영화엑시트줄거리및후기
159,https://blog.naver.com/shop2930?Redirect=Log&logNo=222082721413,석류콜라겐추천즐거운나의즙으로!
160,https://blog.naver.com/shop2930?Redirect=Log&logNo=222081870242,"넷플릭스영화,프릭스:원오브어스줄거리및후기"
161,https://blog.naver.com/shop2930?Redirect=Log&logNo=222079105076,분당샐러드맛집!지니홈메이드후기
162,https://blog.naver.com/shop2930?Redirect=Log&logNo=222078233781,코딩강의사이트인프런에서프로그래밍독학해요!
163,https://blog.naver.com/shop2930?Redirect=Log&logNo=222077150524,SF액션영화채피줄거리및후기
164,https://blog.naver.com/shop2930?Redirect=Log&logNo=222074446834,"넷플릭스영화추천,라이프오브파이줄거리해석"
165,https://blog.naver.com/shop2930?Redirect=Log&logNo=222073625051,와인보관법비노밤와인진공세이버로걱정끝!
166,https://blog.naver.com/shop2930?Redirect=Log&logNo=222072315465,킬링타임용넷플릭스영화워크잇줄거리후기
167,https://blog.naver.com/shop2930?Redirect=Log&logNo=222071523762,"쉬운해외직구,비타트라에서솔가비타민D구매했어요!"
168,https://blog.naver.com/shop2930?Redirect=Log&logNo=222070514925,단백질음료마이밀마시는뉴프로틴추천!
169,https://blog.naver.com/shop2930?Redirect=Log&logNo=222069355087,마켓컬리추천템추천인shop2930
170,https://blog.naver.com/shop2930?Redirect=Log&logNo=222068741240,홈베이킹필수템보만와플메이커추천!
171,https://blog.naver.com/shop2930?Redirect=Log&logNo=222067855936,천연조미료황금레시피로시래기된장국만들기!
172,https://blog.naver.com/shop2930?Redirect=Log&logNo=222066687805,킬링타임영화추천!사자줄거리및후기
173,https://blog.naver.com/shop2930?Redirect=Log&logNo=222064931644,"이너뷰티차,자유다방공습관3종후기!"
174,https://blog.naver.com/shop2930?Redirect=Log&logNo=222061585039,범죄느와르영화추천!신세계줄거리및후기
175,https://blog.naver.com/shop2930?Redirect=Log&logNo=222060432132,넷플릭스영화미드나잇인파리줄거리및후기
176,https://blog.naver.com/shop2930?Redirect=Log&logNo=222056386782,킬링타임코미디영화퍼펙트맨줄거리및후기
177,https://blog.naver.com/shop2930?Redirect=Log&logNo=222054077485,다이어트간식추천!슬릭마켓스리슬떡후기
178,https://blog.naver.com/shop2930?Redirect=Log&logNo=222053013699,서울우유귀리우유&흑임자우유레시피!
179,https://blog.naver.com/shop2930?Redirect=Log&logNo=222051005967,액션영화추천!매드맥스:분노의도로줄거리및후기
180,https://blog.naver.com/shop2930?Redirect=Log&logNo=222047241589,넷플릭스영화정도줄거리및솔직후기
181,https://blog.naver.com/shop2930?Redirect=Log&logNo=222046001389,넷플릭스영화추천키싱부스2줄거리및후기!
182,https://blog.naver.com/shop2930?Redirect=Log&logNo=222044323783,하이틴로맨스코미디영화키싱부스1줄거리및후기!
183,https://blog.naver.com/shop2930?Redirect=Log&logNo=222042460834,"판교역맛집,어글리스토브판교라스트리트점강추!"
184,https://blog.naver.com/shop2930?Redirect=Log&logNo=222040134903,마켓컬리추천상품추천인shop2930
185,https://blog.naver.com/shop2930?Redirect=Log&logNo=222039223007,"1인가구제습기,티피오스미니제습기추천!"
186,https://blog.naver.com/shop2930?Redirect=Log&logNo=222038142207,넷플릭스영화미녀삼총사3줄거리및후기
187,https://blog.naver.com/shop2930?Redirect=Log&logNo=222036227940,넷플릭스영화추천!올드가드줄거리및후기쿠키영상
188,https://blog.naver.com/shop2930?Redirect=Log&logNo=222035480003,캠핑요리추천템!마시하나뚝딱시즈닝후기
189,https://blog.naver.com/shop2930?Redirect=Log&logNo=222034683727,냄새없는플루딕가정용음식물쓰레기통추천!
190,https://blog.naver.com/shop2930?Redirect=Log&logNo=222033606031,뮤지컬영화추천!레미제라블줄거리및후기
191,https://blog.naver.com/shop2930?Redirect=Log&logNo=222032688075,붉은대게살미니계란말이만들기!
192,https://blog.naver.com/shop2930?Redirect=Log&logNo=222030905413,달콤한차잇타임우리오늘달달해추천!
193,https://blog.naver.com/shop2930?Redirect=Log&logNo=222029981064,영화9:나인줄거리및후기
194,https://blog.naver.com/shop2930?Redirect=Log&logNo=222028438715,미니제습기제니퍼룸원룸제습기추천!
195,https://blog.naver.com/shop2930?Redirect=Log&logNo=222026187422,첨가물없는아이간식인비바과일칩추천!
196,https://blog.naver.com/shop2930?Redirect=Log&logNo=222025108059,쉐푸드건강덮밥세븐데이즈플랜으로건강한한끼!
197,https://blog.naver.com/shop2930?Redirect=Log&logNo=222023567251,넷플릭스영화추천비트를느껴봐줄거리및후기
198,https://blog.naver.com/shop2930?Redirect=Log&logNo=222022381565,네이처스튜디오석류콜라겐젤리로이너뷰티!
199,https://blog.naver.com/shop2930?Redirect=Log&logNo=222021253958,타임슬립스릴러영화시간이탈자줄거리후기.
200,https://blog.naver.com/shop2930?Redirect=Log&logNo=222020125529,전세필수앱핀다전세대출가이드로한번에!
201,https://blog.naver.com/shop2930?Redirect=Log&logNo=222018858106,넷플릭스영화추천더테이블줄거리및후기
202,https://blog.naver.com/shop2930?Redirect=Log&logNo=222018222236,한우한돈인터넷정육점반하누추천!
203,https://blog.naver.com/shop2930?Redirect=Log&logNo=222017031272,파주벽초지수목원서울근교당일치기여행추천!
204,https://blog.naver.com/shop2930?Redirect=Log&logNo=222015974150,아임닭맛있는닭가슴살볶음밥추천!
205,https://blog.naver.com/shop2930?Redirect=Log&logNo=222014827579,샤오미로보락로봇청소기S6PURE후기
206,https://blog.naver.com/shop2930?Redirect=Log&logNo=222012675708,다이어트간식스타일씨아침단호박추천!
207,https://blog.naver.com/shop2930?Redirect=Log&logNo=222010902420,베이킹핸드믹서드레텍휘핑기로계란수플레만들기!
208,https://blog.naver.com/shop2930?Redirect=Log&logNo=222009646401,"넷플릭스영화위험한거짓말들줄거리,후기"
209,https://blog.naver.com/shop2930?Redirect=Log&logNo=222008152198,영화인턴줄거리및후기
210,https://blog.naver.com/shop2930?Redirect=Log&logNo=222006929152,식사대용쉐이크아이밀월간선식후기
211,https://blog.naver.com/shop2930?Redirect=Log&logNo=222005997630,마켓컬리추천인shop2930추천상품
212,https://blog.naver.com/shop2930?Redirect=Log&logNo=222004093784,네이버플러스멤버십가입후기해지방법
213,https://blog.naver.com/shop2930?Redirect=Log&logNo=222003002823,론스타외환은행사건영화블랙머니줄거리후기
214,https://blog.naver.com/shop2930?Redirect=Log&logNo=222001769144,파주프로방스카페꼬닐리오베이커리카페추천!
215,https://blog.naver.com/shop2930?Redirect=Log&logNo=222000771652,아임웰다이어트도시락추천!
216,https://blog.naver.com/shop2930?Redirect=Log&logNo=221995822742,임산부엽산추천뉴트리맘영양바로!
217,https://blog.naver.com/shop2930?Redirect=Log&logNo=221994081866,인스타그램팔로워늘리기인스타프렌즈후기!
218,https://blog.naver.com/shop2930?Redirect=Log&logNo=221992143799,직장인선물애프터스캔디금연사탕후기
219,https://blog.naver.com/shop2930?Redirect=Log&logNo=221990675313,마켓컬리추천인shop2930첫구매팁!
220,https://blog.naver.com/shop2930?Redirect=Log&logNo=221989564355,직장인취미생활추천가죽공예온라인강의로시작해보세요!
221,https://blog.naver.com/shop2930?Redirect=Log&logNo=221988763614,목어깨안마기쎄라피트윙스무선마사지기추천!
222,https://blog.naver.com/shop2930?Redirect=Log&logNo=221987396003,민민샵MTS롤러셀프피부관리추천!
223,https://blog.naver.com/shop2930?Redirect=Log&logNo=221985982079,메이드조이감전식모기퇴치기추천!
224,https://blog.naver.com/shop2930?Redirect=Log&logNo=221985094362,효소유산균추천벨로핏과함께숙변제거!
225,https://blog.naver.com/shop2930?Redirect=Log&logNo=221982655890,2020KITASX소형가전쇼사전등록서포터즈open!
226,https://blog.naver.com/shop2930?Redirect=Log&logNo=221982606164,[공유]KITASX소형가전쇼2020공식서포터즈를모집합니다.(~6.4목요일까지)
227,https://blog.naver.com/shop2930?Redirect=Log&logNo=221981683046,무가당검은콩두유총각네쑥두유추천!
228,https://blog.naver.com/shop2930?Redirect=Log&logNo=221978973785,"보온보냉배달용기한통도시락신제품,한통뚝배기"
229,https://blog.naver.com/shop2930?Redirect=Log&logNo=221977662936,레드푸드떡볶이분말소스양념으로초간단떡볶이만들기!
230,https://blog.naver.com/shop2930?Redirect=Log&logNo=221975917296,낫또먹는법덮밥부터샐러드까지!(feat.웰나또)
231,https://blog.naver.com/shop2930?Redirect=Log&logNo=221974413895,삼육아몬드음료저칼로리간식추천!
232,https://blog.naver.com/shop2930?Redirect=Log&logNo=221973135328,에어프라이어용기비비또파티팟추천!
233,https://blog.naver.com/shop2930?Redirect=Log&logNo=221971708319,"노트패드추천,페니체E-메모패드후기"
234,https://blog.naver.com/shop2930?Redirect=Log&logNo=221970071628,CU제주흑돼지비빔밥후기
235,https://blog.naver.com/shop2930?Redirect=Log&logNo=221969117831,넷플릭스영화추천옥자줄거리후기
236,https://blog.naver.com/shop2930?Redirect=Log&logNo=221967194919,다이어트간식치즈과자헬로치즈추천!
237,https://blog.naver.com/shop2930?Redirect=Log&logNo=221965829105,"헤이즐넛커피,오투스아메리카노추천!"
238,https://blog.naver.com/shop2930?Redirect=Log&logNo=221963631656,미스테리영화화차뜻줄거리
239,https://blog.naver.com/shop2930?Redirect=Log&logNo=221962082879,"홈트레이닝,키토제닉필수품케토스캔후기!"
240,https://blog.naver.com/shop2930?Redirect=Log&logNo=221958875334,서현미용실중단발웨이브펌대성공!
241,https://blog.naver.com/shop2930?Redirect=Log&logNo=221957387142,영화윤희에게줄거리및후기
242,https://blog.naver.com/shop2930?Redirect=Log&logNo=221955259351,넷플릭스영화추천범죄스릴러조디악후기!
243,https://blog.naver.com/shop2930?Redirect=Log&logNo=221953783107,"이너뷰티음료,멜로아티톡스추천!"
244,https://blog.naver.com/shop2930?Redirect=Log&logNo=221952007906,청정원집으로ON곤약볶음밥4종후기!
245,https://blog.naver.com/shop2930?Redirect=Log&logNo=221950258565,전자레인지간편생선구이오뚜기연어구이!
246,https://blog.naver.com/shop2930?Redirect=Log&logNo=221949043011,넷플릭스애니메이션영화클라우스줄거리후기
247,https://blog.naver.com/shop2930?Redirect=Log&logNo=221947419769,율동공원맛집타임포타이태국음식후기!
248,https://blog.naver.com/shop2930?Redirect=Log&logNo=221945497800,마켓컬리추천인쿠폰[shop2930]
249,https://blog.naver.com/shop2930?Redirect=Log&logNo=221942901643,넷플릭스영화스윙키즈줄거리및후기
250,https://blog.naver.com/shop2930?Redirect=Log&logNo=221938464866,성장기어린이단백질쉐이크데일리슈밀키즈플렉스추천인
251,https://blog.naver.com/shop2930?Redirect=Log&logNo=221935976966,넷플릭스영화추천익스트랙션결말줄거리
252,https://blog.naver.com/shop2930?Redirect=Log&logNo=221933880765,"다이소어버이날카네이션종류,가격"
253,https://blog.naver.com/shop2930?Redirect=Log&logNo=221931451939,넷플릭스영화사냥의시간후기줄거리
254,https://blog.naver.com/shop2930?Redirect=Log&logNo=221929842359,전자레인지1인분밥짓기
255,https://blog.naver.com/shop2930?Redirect=Log&logNo=221927457894,가벼운인덕션후라이팬리빙코디추천!
256,https://blog.naver.com/shop2930?Redirect=Log&logNo=221925451585,"부모님,남편코골이슬립케어로해결!"
257,https://blog.naver.com/shop2930?Redirect=Log&logNo=221923089817,영화남산의부장들후기및줄거리
258,https://blog.naver.com/shop2930?Redirect=Log&logNo=221920979491,헬스소고기다이어트식단조지병춘우둔살추천!
259,https://blog.naver.com/shop2930?Redirect=Log&logNo=221919090995,자취생멀티쿠커홈지오냄비포트추천!
260,https://blog.naver.com/shop2930?Redirect=Log&logNo=221916739880,스프레이청소기까사지오밀대걸레후기!
261,https://blog.naver.com/shop2930?Redirect=Log&logNo=221915515926,넷플릭스영화추천형후기
262,https://blog.naver.com/shop2930?Redirect=Log&logNo=221912061182,청춘영화변산줄거리후기(feat.넷플릭스)
263,https://blog.naver.com/shop2930?Redirect=Log&logNo=221909842041,자동차공기청정기추천엠피온N300후기!
264,https://blog.naver.com/shop2930?Redirect=Log&logNo=221901498270,퓨어스수저살균기다용도소독기추천!
265,https://blog.naver.com/shop2930?Redirect=Log&logNo=221899812682,넷플릭스추천영화박열후기및줄거리
266,https://blog.naver.com/shop2930?Redirect=Log&logNo=221896068446,사극영화관상줄거리및후기(넷플릭스)
267,https://blog.naver.com/shop2930?Redirect=Log&logNo=221893662990,"넷플릭스영화메리,퀸오브스코틀랜드후기줄거리"
268,https://blog.naver.com/shop2930?Redirect=Log&logNo=221890018525,CU편의점신상어묵무말랭이김밥후기
269,https://blog.naver.com/shop2930?Redirect=Log&logNo=221888487997,슬릭마켓닭가슴살한끼볼다이어트간편식추천!
270,https://blog.naver.com/shop2930?Redirect=Log&logNo=221885894793,맞춤수제화가벵양분당AK구두매장추천!
271,https://blog.naver.com/shop2930?Redirect=Log&logNo=221883766640,넷플릭스영화해어화후기및줄거리
272,https://blog.naver.com/shop2930?Redirect=Log&logNo=221879175948,넷플릭스영화추천나를차버린스파이후기
273,https://blog.naver.com/shop2930?Redirect=Log&logNo=221875475527,영화시동후기&줄거리(feat.넷플릭스)
274,https://blog.naver.com/shop2930?Redirect=Log&logNo=221872776353,국가대표닭가슴살아임닭나를위한한끼!
275,https://blog.naver.com/shop2930?Redirect=Log&logNo=221870088356,"실화바탕넷플릭스영화,사라진소녀들후기"
276,https://blog.naver.com/shop2930?Redirect=Log&logNo=221868042173,PC게임패드조이트론하이브리온2추천!
277,https://blog.naver.com/shop2930?Redirect=Log&logNo=221866488082,어린이간식선물건강생각넛츠바후기
278,https://blog.naver.com/shop2930?Redirect=Log&logNo=221864917506,넷플릭스영화아메리칸셰프후기&줄거리
279,https://blog.naver.com/shop2930?Redirect=Log&logNo=221863117107,천연가죽휴대폰케이스본아띠밀라노토고후기
280,https://blog.naver.com/shop2930?Redirect=Log&logNo=221861295774,"넷플릭스영화추천눈부신세상끝에서,너와나후기"
281,https://blog.naver.com/shop2930?Redirect=Log&logNo=221859570558,블로그포스팅도용게시중단신고접수방법!
282,https://blog.naver.com/shop2930?Redirect=Log&logNo=221857137862,맹장염(충수염)맹장수술후기
283,https://blog.naver.com/shop2930?Redirect=Log&logNo=221843175360,차량용공기청정기추천윈크라우드후기
284,https://blog.naver.com/shop2930?Redirect=Log&logNo=221840461167,100%석류즙메이비착즙석류추천!
285,https://blog.naver.com/shop2930?Redirect=Log&logNo=221836934616,다이어트쉐이크추천한장의식단후기!
286,https://blog.naver.com/shop2930?Redirect=Log&logNo=221835259352,플라스틱수납정리함모즈온라인수납함추천!
287,https://blog.naver.com/shop2930?Redirect=Log&logNo=221833514948,"넷플릭스영화,헌츠맨:윈터스워후기&줄거리"
288,https://blog.naver.com/shop2930?Redirect=Log&logNo=221831906035,마켓컬리추천인shop2930및3월쿠폰정리!
289,https://blog.naver.com/shop2930?Redirect=Log&logNo=221830343813,건대옷가게엠플레이그라운드후기!
290,https://blog.naver.com/shop2930?Redirect=Log&logNo=221828972116,텀블러세척출근후애발포클리너후기
291,https://blog.naver.com/shop2930?Redirect=Log&logNo=221827231348,[포트폴리오2020]CSTS시험취소및시행예정날짜!
292,https://blog.naver.com/shop2930?Redirect=Log&logNo=221825560991,"아침식사대용건강두유,방탄두유추천!"
293,https://blog.naver.com/shop2930?Redirect=Log&logNo=221823913143,라라스팜면두부쌈두부응용다이어트두부요리!
294,https://blog.naver.com/shop2930?Redirect=Log&logNo=221822338019,뮤지엄오브컬러오디오가이드앱큐피커와함께
295,https://blog.naver.com/shop2930?Redirect=Log&logNo=221820687820,영화지푸라기라도잡고싶은짐승들후기수위
296,https://blog.naver.com/shop2930?Redirect=Log&logNo=221820073615,맛있는닭가슴살순대다신샵곤약순대추천!
297,https://blog.naver.com/shop2930?Redirect=Log&logNo=221816485458,영화커런트워아쉬운후기및줄거리
298,https://blog.naver.com/shop2930?Redirect=Log&logNo=221815793810,[포트폴리오2020]CSTS시험일자와접수기간!
299,https://blog.naver.com/shop2930?Redirect=Log&logNo=221814447111,"운동후순수단백질보충,하이프로틴추천!"
300,https://blog.naver.com/shop2930?Redirect=Log&logNo=221812839122,맛있는당뇨식단닥터키친반조리식품추천!
301,https://blog.naver.com/shop2930?Redirect=Log&logNo=221811420300,원룸공기청정기추천그린루프트H13헤파필터로!
302,https://blog.naver.com/shop2930?Redirect=Log&logNo=221808733089,네이버인플루언서검색선정되었어요!
303,https://blog.naver.com/shop2930?Redirect=Log&logNo=221807785184,넷플릭스내가사랑했던모든남자들에게2(내사모남2)후기!
304,https://blog.naver.com/shop2930?Redirect=Log&logNo=221806564293,[포트폴리오2020]소프트웨어테스트전문가(CSTS)책을받아봤어요!
305,https://blog.naver.com/shop2930?Redirect=Log&logNo=221804586040,저칼로리간식프리미엄곤약젤리젤리로추천!
306,https://blog.naver.com/shop2930?Redirect=Log&logNo=221802398596,넷플릭스영화내사랑후기모드루이스실화
307,https://blog.naver.com/shop2930?Redirect=Log&logNo=221799725190,섬유질많은음식화이자임으로숙변제거!
308,https://blog.naver.com/shop2930?Redirect=Log&logNo=221798533493,[포트폴리오2020]CSTS자격증교재수험서
309,https://blog.naver.com/shop2930?Redirect=Log&logNo=221797071165,"넷플릭스영화추천,천일의스캔들줄거리후기"
310,https://blog.naver.com/shop2930?Redirect=Log&logNo=221795867232,강남이색데이트심리카페지비지컬러인후기!
311,https://blog.naver.com/shop2930?Redirect=Log&logNo=221794612233,마켓컬리추천인shop2930&2월쿠폰참여이벤트명
312,https://blog.naver.com/shop2930?Redirect=Log&logNo=221793513619,[포트폴리오2020]CSTS자격증준비
313,https://blog.naver.com/shop2930?Redirect=Log&logNo=221792956640,넷플릭스영화하트오브더씨후기줄거리
314,https://blog.naver.com/shop2930?Redirect=Log&logNo=221789936926,주방싱크대정리제이비제이다용도스텐선반추천!
315,https://blog.naver.com/shop2930?Redirect=Log&logNo=221788757526,인스타그램좋아요늘리기인스타프렌즈추천!
316,https://blog.naver.com/shop2930?Redirect=Log&logNo=221787564990,넷플릭스로맨스영화오늘부터로그아웃후기!
317,https://blog.naver.com/shop2930?Redirect=Log&logNo=221786533530,단백질과자벨로핏프로틴엔초콜릿간식추천!
318,https://blog.naver.com/shop2930?Redirect=Log&logNo=221785563658,넷플릭스영화추천결혼이야기줄거리및후기
319,https://blog.naver.com/shop2930?Redirect=Log&logNo=221783941900,무설탕캔디민트아이스붐추천!
320,https://blog.naver.com/shop2930?Redirect=Log&logNo=221782621890,넷플릭스영화가장보통의연애줄거리후기
321,https://blog.naver.com/shop2930?Redirect=Log&logNo=221781353385,마사지건추천피넛무선진동안마기대만족!
322,https://blog.naver.com/shop2930?Redirect=Log&logNo=221780100374,저칼로리간식젤루빠진곤약젤리추천!
323,https://blog.naver.com/shop2930?Redirect=Log&logNo=221778636169,2020K-웰니스착한선물전서포터즈후기!
324,https://blog.naver.com/shop2930?Redirect=Log&logNo=221777313353,영화닥터두리틀후기줄거리(쿠키영상有)
325,https://blog.naver.com/shop2930?Redirect=Log&logNo=221776425067,넷플릭스영화추천악마는프라다를입는다후기줄거리
326,https://blog.naver.com/shop2930?Redirect=Log&logNo=221775435733,맛있는닭가슴살아임닭다이어트레시피!
327,https://blog.naver.com/shop2930?Redirect=Log&logNo=221773870575,보풀제거기추천세탁소용에어풀로깔끔하게!
328,https://blog.naver.com/shop2930?Redirect=Log&logNo=221772473048,가성비타블렛휴이온Q620M후기
329,https://blog.naver.com/shop2930?Redirect=Log&logNo=221771338588,가성비좋은스마트워치샤오미헬로우후기!
330,https://blog.naver.com/shop2930?Redirect=Log&logNo=221769936608,편리한피넛듀얼스핀무선물걸레청소기추천!
331,https://blog.naver.com/shop2930?Redirect=Log&logNo=221768987968,"양치승프로틴스페이스어묵바,단백질간식추천!"
332,https://blog.naver.com/shop2930?Redirect=Log&logNo=221768126286,2020년K-웰니스설날착한선물전방문후기!
333,https://blog.naver.com/shop2930?Redirect=Log&logNo=221766613062,"식물성단백질음료,더백프로밀GS홈쇼핑에서만나요!"
334,https://blog.naver.com/shop2930?Redirect=Log&logNo=221765348574,비건아이스크림제로스쿱저칼로리간식추천!
335,https://blog.naver.com/shop2930?Redirect=Log&logNo=221764171583,분당왁싱네일브라운왁싱라운지첫브라질리언후기!
336,https://blog.naver.com/shop2930?Redirect=Log&logNo=221761468127,K-웰니스설날착한선물전일산킨텍스에서만나요!
337,https://blog.naver.com/shop2930?Redirect=Log&logNo=221760513277,넷플릭스영화디즈니메리포핀스리턴즈후기줄거리
338,https://blog.naver.com/shop2930?Redirect=Log&logNo=221759655893,건강간식추천내추럴박스야채칩후기
339,https://blog.naver.com/shop2930?Redirect=Log&logNo=221758553653,아임닭닭가슴살스테이크샌드위치만들기!
340,https://blog.naver.com/shop2930?Redirect=Log&logNo=221757260699,마켓컬리추천인shop29301월참여이벤트명쿠폰
341,https://blog.naver.com/shop2930?Redirect=Log&logNo=221756277218,다가오는2020설날K-웰니스착한선물전함께해요!
342,https://blog.naver.com/shop2930?Redirect=Log&logNo=221755276197,지멜(zemel)인덕션후라이팬통5중추천!
343,https://blog.naver.com/shop2930?Redirect=Log&logNo=221754230918,walkonthewater룸스프레이굿네이버스와함께해요!
344,https://blog.naver.com/shop2930?Redirect=Log&logNo=221751579888,"포트폴리오2020나의목표는CSTSFL,AL따기!"
345,https://blog.naver.com/shop2930?Redirect=Log&logNo=221752362119,더쉬운찬진참치액설명절선물세트추천!
346,https://blog.naver.com/shop2930?Redirect=Log&logNo=221751076448,영화천문하늘에묻는다후기몰입도대박!
347,https://blog.naver.com/shop2930?Redirect=Log&logNo=221749928775,무가당다이어트음료아쿠아스복숭아워터후기
348,https://blog.naver.com/shop2930?Redirect=Log&logNo=221748877422,2020K-웰니스착한선물전가고황금골드바받자!
349,https://blog.naver.com/shop2930?Redirect=Log&logNo=221747602712,인테이크모닝수프간단한아침식사대용추천!
350,https://blog.naver.com/shop2930?Redirect=Log&logNo=221746615708,연말선물부모님간식명품양갱선물세트추천!
351,https://blog.naver.com/shop2930?Redirect=Log&logNo=221745494615,스틱커피추천일리커피로홈카페즐겨요!
352,https://blog.naver.com/shop2930?Redirect=Log&logNo=221743525806,아기가습기추천통세척가능한뉴빙가습기!
353,https://blog.naver.com/shop2930?Redirect=Log&logNo=221742414327,2020K-웰니스착한선물전미리만나봐요!
354,https://blog.naver.com/shop2930?Redirect=Log&logNo=221741190512,회식숙취해소술이싹새싹보리추천!
355,https://blog.naver.com/shop2930?Redirect=Log&logNo=221740092879,발열내의히트텍마른파이브히트터치후기
356,https://blog.naver.com/shop2930?Redirect=Log&logNo=221738950833,잠실바이킹스워프후기및공략꿀팁!
357,https://blog.naver.com/shop2930?Redirect=Log&logNo=221737809620,"맛있는닭가슴살요리,아임닭탄두리바베큐맛으로!"
358,https://blog.naver.com/shop2930?Redirect=Log&logNo=221737095279,가정식반찬배달집반찬연구소후기!
359,https://blog.naver.com/shop2930?Redirect=Log&logNo=221735809313,CU편의점신상비건채식주의김밥후기!
360,https://blog.naver.com/shop2930?Redirect=Log&logNo=221735141004,서현초밥맛집스시웨이후기
361,https://blog.naver.com/shop2930?Redirect=Log&logNo=221734700442,공기압발마사지기매직콤보R부모님선물추천!
362,https://blog.naver.com/shop2930?Redirect=Log&logNo=221733745996,2020설날K-웰니스착한선물전구경가요!
363,https://blog.naver.com/shop2930?Redirect=Log&logNo=221732757960,라온케어칫솔살균기건조기까지한번에!
364,https://blog.naver.com/shop2930?Redirect=Log&logNo=221731578969,전자파없는전기매트삼화제닉스안심전기요후기
365,https://blog.naver.com/shop2930?Redirect=Log&logNo=221730665427,발바닥핫팩패치메디테라피릴렉스패치후기!
366,https://blog.naver.com/shop2930?Redirect=Log&logNo=221729725189,CU채식주의도시락편의점비건식품후기
367,https://blog.naver.com/shop2930?Redirect=Log&logNo=221728841146,공간활용좋은접이식실리콘도시락통추천!
368,https://blog.naver.com/shop2930?Redirect=Log&logNo=221727852629,블렌딩티추천!쟈뎅아워티제주청귤캐모마일티
369,https://blog.naver.com/shop2930?Redirect=Log&logNo=221726609092,장수돌침대행사기념방문!
370,https://blog.naver.com/shop2930?Redirect=Log&logNo=221725767717,2020K-웰니스착한선물전황금골드바받으러가요!
371,https://blog.naver.com/shop2930?Redirect=Log&logNo=221724580332,마켓컬리추천인shop293012월쿠폰참여이벤트
372,https://blog.naver.com/shop2930?Redirect=Log&logNo=221722837225,서현역미용실어반트랜드본점하랑쌤염색대만족!
373,https://blog.naver.com/shop2930?Redirect=Log&logNo=221722066877,아임웰고구마큐브간단한다이어트요리!
374,https://blog.naver.com/shop2930?Redirect=Log&logNo=221721061838,식사대용인테이크시리얼바건강간식추천!
375,https://blog.naver.com/shop2930?Redirect=Log&logNo=221720144337,프로틴그래놀라고단백질다이어트식사대용추천!
376,https://blog.naver.com/shop2930?Redirect=Log&logNo=221719028980,2020년설날K-웰니스착한선물전사전등록해요!
377,https://blog.naver.com/shop2930?Redirect=Log&logNo=221717794627,빨래바구니추천코드리빙2단다용도세탁보관함
378,https://blog.naver.com/shop2930?Redirect=Log&logNo=221716796397,판교역점심샐러드맛집스윗밸런스후기
379,https://blog.naver.com/shop2930?Redirect=Log&logNo=221715599856,녹물제거염소제거필터추천타임백샤워기후기
380,https://blog.naver.com/shop2930?Redirect=Log&logNo=221713716659,"붓기제거를위한클렌즈주스,저스트비그린후기"
381,https://blog.naver.com/shop2930?Redirect=Log&logNo=221712228718,세면대배수구청소청소신배수구클리너추천!
382,https://blog.naver.com/shop2930?Redirect=Log&logNo=221710599846,세면대녹물제거필터세데나즈워터탭추천!
383,https://blog.naver.com/shop2930?Redirect=Log&logNo=221709845897,나블로거야이벤트:나는일상블로거야!
384,https://blog.naver.com/shop2930?Redirect=Log&logNo=221708832033,대용량초음파가습기세척이간편한퓨어코치후기!
385,https://blog.naver.com/shop2930?Redirect=Log&logNo=221707507998,당뇨에좋은음식닥다몰당뇨간식추천
386,https://blog.naver.com/shop2930?Redirect=Log&logNo=221705616811,발종아리안마기BS건강발마사지기매직콤보R추천!
387,https://blog.naver.com/shop2930?Redirect=Log&logNo=221704349022,넷플릭스영화추천나의마더(Iammother)후기
388,https://blog.naver.com/shop2930?Redirect=Log&logNo=221700558431,82년생김지영영화줄거리및솔직후기
389,https://blog.naver.com/shop2930?Redirect=Log&logNo=221699482108,"클린스이간이정수기추천녹물,미세플라스틱제거까지!"
390,https://blog.naver.com/shop2930?Redirect=Log&logNo=221698029467,게이밍헤드셋추천가성비좋은콕스스칼렛후기!
391,https://blog.naver.com/shop2930?Redirect=Log&logNo=221696820186,마켓컬리추천인shop293011월참여이벤트명
392,https://blog.naver.com/shop2930?Redirect=Log&logNo=221696165600,닭가슴살만두아임닭다이어트야식추천!
393,https://blog.naver.com/shop2930?Redirect=Log&logNo=221695288033,수내역밥집맛집낙낙한식당점심특선까지!
394,https://blog.naver.com/shop2930?Redirect=Log&logNo=221694263182,CU편의점호밀3단샌드위치추천!
395,https://blog.naver.com/shop2930?Redirect=Log&logNo=221693111744,분당서현역맛집육화몽고기집회식장소추천!
396,https://blog.naver.com/shop2930?Redirect=Log&logNo=221691832774,물빠짐수저통북유럽감성플루딕수저통추천!
397,https://blog.naver.com/shop2930?Redirect=Log&logNo=221690688835,혈류관리복합식품혈압낮추는방법간편하게!
398,https://blog.naver.com/shop2930?Redirect=Log&logNo=221689564871,규조토발매트추천푹신한서주욕실매트후기
399,https://blog.naver.com/shop2930?Redirect=Log&logNo=221689359532,[공유]#국민공부의자시디즈T25체험단모집!
400,https://blog.naver.com/shop2930?Redirect=Log&logNo=221688531264,압구정술집청담동이자카야청담류후기
401,https://blog.naver.com/shop2930?Redirect=Log&logNo=221687259912,접이식쇼핑핸드카트지니고장바구니캐리어추천!
402,https://blog.naver.com/shop2930?Redirect=Log&logNo=221686050469,말레피센트2줄거리및아쉬운후기쿠키영상없음
403,https://blog.naver.com/shop2930?Redirect=Log&logNo=221684571025,신사역회식맛집추천최고의한우명우후기
404,https://blog.naver.com/shop2930?Redirect=Log&logNo=221683408406,수능떡추천예맛떡복돼지8형제합격떡후기!
405,https://blog.naver.com/shop2930?Redirect=Log&logNo=221681827588,미니가습기추천파우트아로마무드등가습기후기
406,https://blog.naver.com/shop2930?Redirect=Log&logNo=221681471318,"견과류선물부모님건강간식,연희견과추천!"
407,https://blog.naver.com/shop2930?Redirect=Log&logNo=221680355345,로긴올스텐식기건조대추천주방수납깔끔하게!
408,https://blog.naver.com/shop2930?Redirect=Log&logNo=221678760826,분당타일성남욕실공사하나바스에서!
409,https://blog.naver.com/shop2930?Redirect=Log&logNo=221677636979,셀럽박스김이상궁모듬김맥주안주추천!
410,https://blog.naver.com/shop2930?Redirect=Log&logNo=221676516689,마켓컬리참여이벤트명및10월쿠폰
411,https://blog.naver.com/shop2930?Redirect=Log&logNo=221674895998,성남서현역네일추천네일봄에서젤네일했어요!
412,https://blog.naver.com/shop2930?Redirect=Log&logNo=221673658478,자취생필수품리빙조이핸디형무선청소기추천!
413,https://blog.naver.com/shop2930?Redirect=Log&logNo=221672463798,10월축제서울디저트페어할로윈&이색푸드
414,https://blog.naver.com/shop2930?Redirect=Log&logNo=221671080605,센스맘그레이방수커버에어매트리스필수템!
415,https://blog.naver.com/shop2930?Redirect=Log&logNo=221669563608,칼로바이탱탱곤약젤리다이어트간식추천!
416,https://blog.naver.com/shop2930?Redirect=Log&logNo=221668774816,판교라스트리트맛집쉐누하누점심샤브샤브후기!
417,https://blog.naver.com/shop2930?Redirect=Log&logNo=221667583207,식물성단백질쉐이크추천데일리슈밀추천인및후기
418,https://blog.naver.com/shop2930?Redirect=Log&logNo=221666090858,인스타그램팔로워늘리기예스인스타사용후기
419,https://blog.naver.com/shop2930?Redirect=Log&logNo=221664940050,"주스앤그로서리클렌즈주스,요거트볼후기"
420,https://blog.naver.com/shop2930?Redirect=Log&logNo=221663613304,센스맘에어매트리스퀸12cm단점및장점후기!
421,https://blog.naver.com/shop2930?Redirect=Log&logNo=221662746119,수분충전피로회복을위한링티택배기사응원팩후기
422,https://blog.naver.com/shop2930?Redirect=Log&logNo=221659885098,cu편의점바르다김선생가락떡볶이추천!
423,https://blog.naver.com/shop2930?Redirect=Log&logNo=221658268986,"더바디랩리얼콤부차디톡스워터,유산균다이어트를동시에!"
424,https://blog.naver.com/shop2930?Redirect=Log&logNo=221656570057,넷플릭스하이틴영화추천톨걸(TallGirl)줄거리및후기!
425,https://blog.naver.com/shop2930?Redirect=Log&logNo=221655564106,오트밀다이어트플라하반오트밀바플랩잭스후기!
426,https://blog.naver.com/shop2930?Redirect=Log&logNo=221653819620,"다이어트쿠키추천!NO밀가루오쌤쿠키,프로틴스콘후기"
427,https://blog.naver.com/shop2930?Redirect=Log&logNo=221652056634,CU편의점흑임자3단샌드위치살짝아쉬운후기
428,https://blog.naver.com/shop2930?Redirect=Log&logNo=221650615449,"10X10서포터즈,텐텐쇼퍼8기모집중!"
429,https://blog.naver.com/shop2930?Redirect=Log&logNo=221649383536,말레피센트1줄거리및결말후기:넷플릭스영화추천
430,https://blog.naver.com/shop2930?Redirect=Log&logNo=221647812860,제주도감귤초콜릿프루낵감귤칩건조과일추천!
431,https://blog.naver.com/shop2930?Redirect=Log&logNo=221645984009,뚜레쥬르식빵영양성분가격비교및다이어트빵추천!
432,https://blog.naver.com/shop2930?Redirect=Log&logNo=221644296592,서울종로맛집종각역동원참치인사점회식장소추천!
433,https://blog.naver.com/shop2930?Redirect=Log&logNo=221642800260,마켓컬리참여이벤트명추천인shop2930샛별배송후기
434,https://blog.naver.com/shop2930?Redirect=Log&logNo=221641240281,CU신상마라로우촨내돈내산솔직후기
435,https://blog.naver.com/shop2930?Redirect=Log&logNo=221639777155,파리바게트식빵15종가격영양성분비교다이어트빵추천!
436,https://blog.naver.com/shop2930?Redirect=Log&logNo=221637348559,일년내내석류즙추천피쉬콜라겐까지한번에!
437,https://blog.naver.com/shop2930?Redirect=Log&logNo=221637127355,소개팅만남오픈채팅방개인정보공개없이안전해요!
438,https://blog.naver.com/shop2930?Redirect=Log&logNo=221636286775,을지로맛집시그니처타워차이797중식후기
439,https://blog.naver.com/shop2930?Redirect=Log&logNo=221633415487,현실적인직장인다이어트식단라이프어터꿀꺽
440,https://blog.naver.com/shop2930?Redirect=Log&logNo=221633167445,뮤지컬영화위대한쇼맨줄거리/OST그리고실화
441,https://blog.naver.com/shop2930?Redirect=Log&logNo=221631231556,아임웰베이글칩과자다이어트간식추천!
442,https://blog.naver.com/shop2930?Redirect=Log&logNo=221631179408,[공유]2019년센스맘에어매트리스&quot;EverySingleDay체험단&quot;모집
443,https://blog.naver.com/shop2930?Redirect=Log&logNo=221629769856,오희숙전통부각선물세트추석명절부모님선물추천!
444,https://blog.naver.com/shop2930?Redirect=Log&logNo=221627944882,유기농주스퍼플당근유산균발효과즙음료추천!
445,https://blog.naver.com/shop2930?Redirect=Log&logNo=221625944588,다이어트식단파리바게트로스트치킨샐러드후기!
446,https://blog.naver.com/shop2930?Redirect=Log&logNo=221625841755,엄선실리콘진동클렌저아이이온마사지로피부관리하기!
447,https://blog.naver.com/shop2930?Redirect=Log&logNo=221624979238,곡물쉐이크식사대용라이프어터꿀꺽후기
448,https://blog.naver.com/shop2930?Redirect=Log&logNo=221623745885,여름방학체험활동청소년수련활동인증제확인하고안전하게!
449,https://blog.naver.com/shop2930?Redirect=Log&logNo=221621474801,차량용석고방향제리베유캔들집들이선물추천!
450,https://blog.naver.com/shop2930?Redirect=Log&logNo=221620523219,요기요슈퍼클럽가입후기쿠폰에추가할인까지!
451,https://blog.naver.com/shop2930?Redirect=Log&logNo=221619764643,성남야탑미용실피어나는메이준바디펌후기!
452,https://blog.naver.com/shop2930?Redirect=Log&logNo=221618846726,마켓컬리추천인shop2930쿠폰첫구매팁!
453,https://blog.naver.com/shop2930?Redirect=Log&logNo=221617641804,화이트스니커즈P-31추천커플신발로딱!
454,https://blog.naver.com/shop2930?Redirect=Log&logNo=221617052618,삼양뽀빠이바별뽀빠이바초코뽀빠이바사무실간식추천!
455,https://blog.naver.com/shop2930?Redirect=Log&logNo=221616165952,AIG해외여행자보험이벤트참여하고에어팟받자!
456,https://blog.naver.com/shop2930?Redirect=Log&logNo=221615530284,오뚜기곤누들3종후기!다이어트곤약면요리추천
457,https://blog.naver.com/shop2930?Redirect=Log&logNo=221613887198,컵과일만들기과일도시락예쁘게싸기팁!
458,https://blog.naver.com/shop2930?Redirect=Log&logNo=221610944636,무선충전기추천10W고속충전부터인테리어까지!
459,https://blog.naver.com/shop2930?Redirect=Log&logNo=221610075759,"[공유][스크랩이벤트]&#39;맞출때마다천원적립금&#39;아임닭퀴즈도맞추고,입소문도내고~~"
460,https://blog.naver.com/shop2930?Redirect=Log&logNo=221608831198,여름선크림추천제이나인코스메틱포라뽀칼라민선스크린후기!
461,https://blog.naver.com/shop2930?Redirect=Log&logNo=221607493843,모란술집맛집설맥에서맥주한잔!
462,https://blog.naver.com/shop2930?Redirect=Log&logNo=221605394419,여행필수품바이티드버그모기물렸을때가려움해결!
463,https://blog.naver.com/shop2930?Redirect=Log&logNo=221604482525,라라스윗다이어트아이스크림저칼로리간식추천!
464,https://blog.naver.com/shop2930?Redirect=Log&logNo=221603267535,닭가슴살볶음밥아임웰다이어트도시락추천!
465,https://blog.naver.com/shop2930?Redirect=Log&logNo=221602139251,마켓컬리참여이벤트명샛별배송후기shop2930
466,https://blog.naver.com/shop2930?Redirect=Log&logNo=221601399407,야탑역맛집동방양고기양꼬치후기!
467,https://blog.naver.com/shop2930?Redirect=Log&logNo=221600162080,헬스식단랭킹수산훈제연어슬라이스연어롤만들기!
468,https://blog.naver.com/shop2930?Redirect=Log&logNo=221599317869,부모님명절선물소소명과수제전병세트추천!
469,https://blog.naver.com/shop2930?Redirect=Log&logNo=221598218064,엄선미들힐슬링백직장인여성구두추천!
470,https://blog.naver.com/shop2930?Redirect=Log&logNo=221597397128,무선휴대용믹서기추천여행필수품이에요!
471,https://blog.naver.com/shop2930?Redirect=Log&logNo=221596578473,코스트코다이어트쉐이크웨이더다이어트밀후기!
472,https://blog.naver.com/shop2930?Redirect=Log&logNo=221595113052,여름바캉스필수템여성레이지비래쉬가드세트후기
473,https://blog.naver.com/shop2930?Redirect=Log&logNo=221594336457,장마철빨래냄새이동식건조기말리고로해결!
474,https://blog.naver.com/shop2930?Redirect=Log&logNo=221593358061,인스타팔로워늘리기그린인스타좋아요!
475,https://blog.naver.com/shop2930?Redirect=Log&logNo=221592279960,"무중력베개추천,F1F2스마큐브숙면필수템!"
476,https://blog.naver.com/shop2930?Redirect=Log&logNo=221591540633,인터넷반찬가게강경신안상회쇼핑몰후기!!
477,https://blog.naver.com/shop2930?Redirect=Log&logNo=221589938882,한입한입꿀잼나게~포스트오레오오즈꿀잼갤러리시리얼이벤트참여해요!
478,https://blog.naver.com/shop2930?Redirect=Log&logNo=221589939316,뚝섬역초밥맛집스시메이추천!!
479,https://blog.naver.com/shop2930?Redirect=Log&logNo=221589233895,엄선미니제습기원룸장마철필수템추천!!
480,https://blog.naver.com/shop2930?Redirect=Log&logNo=221588046421,청주이불매장이브자리여름구스이불후기!!
481,https://blog.naver.com/shop2930?Redirect=Log&logNo=221587710462,레드비트먹는법동결건조제주레드비트파우더로간편하게!!
482,https://blog.naver.com/shop2930?Redirect=Log&logNo=221586990829,이동식빨래건조기추천트윈텍말리고장마철걱정끝!!
483,https://blog.naver.com/shop2930?Redirect=Log&logNo=221586221289,"KITAS2019스마트디바이스쇼,키타스백후기!"
484,https://blog.naver.com/shop2930?Redirect=Log&logNo=221585922336,건강음식송하푸드아몬드반건조무화과임산부선물추천!!
485,https://blog.naver.com/shop2930?Redirect=Log&logNo=221585350133,다이어트두부요리라라스팜넓은면두부요리후기!!
486,https://blog.naver.com/shop2930?Redirect=Log&logNo=221584143421,텀블러살균기공기청정기를한번에!!아이리핏에어사용후기
487,https://blog.naver.com/shop2930?Redirect=Log&logNo=221583991025,키타스2019스마트디바이스쇼참여후기!!
488,https://blog.naver.com/shop2930?Redirect=Log&logNo=221583190260,선릉역카페분위기좋은디저트맛집라윈후기
489,https://blog.naver.com/shop2930?Redirect=Log&logNo=221582484896,"유튜버를위한동영상편집프로그램,곰패키지사용후기!!"
490,https://blog.naver.com/shop2930?Redirect=Log&logNo=221581309403,선릉역이자카야청담이상선릉점분위기좋은술집추천!!
491,https://blog.naver.com/shop2930?Redirect=Log&logNo=221581206588,"2019스마트디바이스쇼,내가뽑아본KITASTop10!!"
492,https://blog.naver.com/shop2930?Redirect=Log&logNo=221580305456,스파이더맨파프롬홈쿠키영상2개해석및후기판권(스포절취선)
493,https://blog.naver.com/shop2930?Redirect=Log&logNo=221579839391,"기름튐방지를위한가스렌지가드,프라이월주방용품추천!!"
494,https://blog.naver.com/shop2930?Redirect=Log&logNo=221578537142,"KITAS2019스마트디바이스쇼,판촉물추천목록!!"
495,https://blog.naver.com/shop2930?Redirect=Log&logNo=221578537719,건조과일추천토닥토닥워터너의이름은장미다이어트수분보충!!
496,https://blog.naver.com/shop2930?Redirect=Log&logNo=221577511128,곤약워터젤리추천칼로우곤약젤리로상큼하게다이어트해요!!
497,https://blog.naver.com/shop2930?Redirect=Log&logNo=221576636083,엄선댄싱스톤목걸이여자친구기념일선물로추천해요!!
498,https://blog.naver.com/shop2930?Redirect=Log&logNo=221576002289,서울전시회서울숲데이트로좋은더뮤즈:드가to가우디후기!!
499,https://blog.naver.com/shop2930?Redirect=Log&logNo=221576225348,[공유][KITASBag]키타스백2019구성품을공개합니다!^^(스압주의ㅎㅎ)
500,https://blog.naver.com/shop2930?Redirect=Log&logNo=221575669672,"직장인필수아이템,전자펜추천네오스마트펜사용후기!!"
501,https://blog.naver.com/shop2930?Redirect=Log&logNo=221574924966,마켓컬리참여이벤트&추천인shop2930및7월쿠폰
502,https://blog.naver.com/shop2930?Redirect=Log&logNo=221572982313,"7월서울전시회추천,뚝섬미술관좋은꿈꾸세요후기"
503,https://blog.naver.com/shop2930?Redirect=Log&logNo=221572758624,성수역맛집닭칼성수동회식장소로도추천해요!!
504,https://blog.naver.com/shop2930?Redirect=Log&logNo=221571927706,닭가슴살슬라이스추천아임닭한그릇요리부터반찬까지!!
505,https://blog.naver.com/shop2930?Redirect=Log&logNo=221571063845,"KITAS2019스마트디바이스쇼스마트톡,스마트링추천목록!!"
506,https://blog.naver.com/shop2930?Redirect=Log&logNo=221570214382,목우촌프라임햄천사햄으로만든소세지콩나물찜후기!!
507,https://blog.naver.com/shop2930?Redirect=Log&logNo=221569350434,"지갑형핸드폰케이스추천,디자인길가죽케이스후기"
508,https://blog.naver.com/shop2930?Redirect=Log&logNo=221567422207,(자취요리)남은장조림국물응용소고기두부조림후기!!
509,https://blog.naver.com/shop2930?Redirect=Log&logNo=221567462072,건조꽃송이버섯부모님건강선물추천!!(feat.지구인쇼핑)
510,https://blog.naver.com/shop2930?Redirect=Log&logNo=221566627092,KITAS2019다양한골전도상품미리알아봐요!!
511,https://blog.naver.com/shop2930?Redirect=Log&logNo=221565782826,중년다이어트파이토뉴트리파미로겐슬림엄마선물추천해요!!
512,https://blog.naver.com/shop2930?Redirect=Log&logNo=221564910212,보이차추천엄선운남성청귤보이차&벌집꿀후기!!
513,https://blog.naver.com/shop2930?Redirect=Log&logNo=221564047029,온열안대추천누니스수면안대로눈찜질후기!!
514,https://blog.naver.com/shop2930?Redirect=Log&logNo=221563334597,사당역맛집베트남쌀국수가맛있는72420후기!!
515,https://blog.naver.com/shop2930?Redirect=Log&logNo=221562563334,아임닭아임웰우수후기선정!!아임웰임닭과함께다이어트성공해요!!
516,https://blog.naver.com/shop2930?Redirect=Log&logNo=221561994027,유산균이함유된식이섬유항이와장이섭취후기
517,https://blog.naver.com/shop2930?Redirect=Log&logNo=221561140926,(자취요리)에어프라이어가지무침만들기!!
518,https://blog.naver.com/shop2930?Redirect=Log&logNo=221560322666,KITAS2019스마트디바이스쇼차량용핸드폰거치대추천리스트!!
519,https://blog.naver.com/shop2930?Redirect=Log&logNo=221559460664,몸에좋은간식수다수제견과류바선물추천!!
520,https://blog.naver.com/shop2930?Redirect=Log&logNo=221559249690,텐바이텐10x10텐텐쇼퍼7기모집해요!!
521,https://blog.naver.com/shop2930?Redirect=Log&logNo=221558437666,장마철습기제거제추천매일의살림착한실리카겔제습제후기!!
522,https://blog.naver.com/shop2930?Redirect=Log&logNo=221556635211,다이어트식단추천샐그램1일3식정기배송프로그램후기!!
523,https://blog.naver.com/shop2930?Redirect=Log&logNo=221556389358,KITAS2019스마트디바이스쇼골전도헤드셋&헤드폰추천리스트!!
524,https://blog.naver.com/shop2930?Redirect=Log&logNo=221555687352,전자레인지생선구이물고기삼촌3분완성메로구이후기!!
525,https://blog.naver.com/shop2930?Redirect=Log&logNo=221554906096,가정용염도계휴대가간편한카드형염도측정기후기
526,https://blog.naver.com/shop2930?Redirect=Log&logNo=221553945706,이베이츠코리아캐시백사이트가입부터오천원적립까지!!
527,https://blog.naver.com/shop2930?Redirect=Log&logNo=221552598179,여행용캐리어추천엄선모던캐리어24인치후기!!
528,https://blog.naver.com/shop2930?Redirect=Log&logNo=221552084769,마켓컬리6월참여이벤트&추천인shop2930쿠폰
529,https://blog.naver.com/shop2930?Redirect=Log&logNo=221551472178,닭가슴살소세지아임닭으로맛있는다이어트!!
530,https://blog.naver.com/shop2930?Redirect=Log&logNo=221551073929,고질라:킹오브몬스터후기쿠키영상있음/스포일러절취선
531,https://blog.naver.com/shop2930?Redirect=Log&logNo=221550281207,칫솔유통기한덴클먼슬리칫솔로간편하게관리해요
532,https://blog.naver.com/shop2930?Redirect=Log&logNo=221549474624,"(자취요리)에어프라이어두부요리,두부튀김후기"
533,https://blog.naver.com/shop2930?Redirect=Log&logNo=221548598373,KITAS2019스마트디바이스쇼사전등록및무료입장방법!!
534,https://blog.naver.com/shop2930?Redirect=Log&logNo=221547828838,도시락몰다이어트식단추천밀스원닭가슴살퀘사디아후기!!
535,https://blog.naver.com/shop2930?Redirect=Log&logNo=221546600209,완전무선블루투스이어폰추천에이투신제품AT251후기!!
536,https://blog.naver.com/shop2930?Redirect=Log&logNo=221545699380,(자취요리)에어프라이어닭가슴살파피요트후기
537,https://blog.naver.com/shop2930?Redirect=Log&logNo=221544799820,눈영양제추천오큘라레이드로눈건강관리해요!!
538,https://blog.naver.com/shop2930?Redirect=Log&logNo=221544856498,"건강간식,마른안주로좋은우리소촉촉육포추천!!"
539,https://blog.naver.com/shop2930?Redirect=Log&logNo=221543607851,구강세정기추천치아교정중일땐휴비딕크린픽으로편리하게!!
540,https://blog.naver.com/shop2930?Redirect=Log&logNo=221543277618,간단한아침식사칼로바이다밀뮤즐리로다이어트식단완성!!
541,https://blog.naver.com/shop2930?Redirect=Log&logNo=221542051167,리빙앤대용량에어프라이어추천제빵부터튀김요리까지!!
542,https://blog.naver.com/shop2930?Redirect=Log&logNo=221541844625,떡선물세트추천제주도알뜰농수산오메기떡택배후기!!
543,https://blog.naver.com/shop2930?Redirect=Log&logNo=221541139368,진공블렌더추천원더스리빙메이킹WB1000블렌더로다이어트해요!!
544,https://blog.naver.com/shop2930?Redirect=Log&logNo=221540460737,다이어트떡추천칼로리걱정없는다노샵현미찰떡후기!!
545,https://blog.naver.com/shop2930?Redirect=Log&logNo=221539685926,(자취요리)브로콜리소세지볶음만들기
546,https://blog.naver.com/shop2930?Redirect=Log&logNo=221538944271,"찻잔세트추천,라움커피잔그리고티팟사용후기"
547,https://blog.naver.com/shop2930?Redirect=Log&logNo=221537387788,세면대막힘살림백서배수구클리너로해결후기!!
548,https://blog.naver.com/shop2930?Redirect=Log&logNo=221537051437,AIG해외여행자보험별별보상이벤트참여하고여행상품권받아가세요!!
549,https://blog.naver.com/shop2930?Redirect=Log&logNo=221536716762,일본직구쇼핑몰코스믹하다라보시로쥰로션세트구매후기
550,https://blog.naver.com/shop2930?Redirect=Log&logNo=221535599936,방이동맛집먹자골목동래별장딱새우후기!!
551,https://blog.naver.com/shop2930?Redirect=Log&logNo=221535197080,중고카메라캐논EOS5DMark3알아보러방문한DC클럽후기
552,https://blog.naver.com/shop2930?Redirect=Log&logNo=221534405506,차선물세트쌍계명차티머그세트스승의날선물추천!!
553,https://blog.naver.com/shop2930?Redirect=Log&logNo=221533533960,허리통증완화를위한겔럭시인허리쿠션사용후기
554,https://blog.naver.com/shop2930?Redirect=Log&logNo=221532659400,노바텍갤럭시S8플러스풀점착풀커버강화유리필름사용후기!!
555,https://blog.naver.com/shop2930?Redirect=Log&logNo=221532250816,유기샘건강담은대추속견과부모님견과선물추천!!
556,https://blog.naver.com/shop2930?Redirect=Log&logNo=221531628476,부모님선물추천힐링스톤건강팔찌액티브팔찌후기
557,https://blog.naver.com/shop2930?Redirect=Log&logNo=221531316947,비공샵5월비공데이!!13일초특가로에어프라이어득템하세요!!
558,https://blog.naver.com/shop2930?Redirect=Log&logNo=221530964318,마카롱마사지기모이스마트마사지기사용후기!!
559,https://blog.naver.com/shop2930?Redirect=Log&logNo=221530669128,피부테스트코스테일러계절맞춤화장품후기!!
560,https://blog.naver.com/shop2930?Redirect=Log&logNo=221530327472,생리통완화를위한메디힐리허브온팩&허리온팩후기
561,https://blog.naver.com/shop2930?Redirect=Log&logNo=221530014238,100억유산균보장에이포뮬러프리바이오틱스추천!!
562,https://blog.naver.com/shop2930?Redirect=Log&logNo=221528978378,화장실곰팡이제거젤케어프린곰팡이가빡실사용후기!!
563,https://blog.naver.com/shop2930?Redirect=Log&logNo=221528592518,"감초추출물이들어있는위영양제,well100위건강챙겨요!!"
564,https://blog.naver.com/shop2930?Redirect=Log&logNo=221528209256,식사대용건강현미빵바직장인다이어트식단추천!!
565,https://blog.naver.com/shop2930?Redirect=Log&logNo=221527711197,벌레박멸을위한초음파퇴치기캐치큐해충퇴치기후기!!
566,https://blog.naver.com/shop2930?Redirect=Log&logNo=221526399285,대학로훠궈맛집훠궈라이후기!!
567,https://blog.naver.com/shop2930?Redirect=Log&logNo=221527010032,"마켓컬리6월참여이벤트명,추천인shop2930총정리!!(6/13)"
568,https://blog.naver.com/shop2930?Redirect=Log&logNo=221526384741,대학로만화카페고양이가운영하는카페데코믹스후기
569,https://blog.naver.com/shop2930?Redirect=Log&logNo=221525486231,대학로맛집가정식이맛있는혜화역멘쯔후기
570,https://blog.naver.com/shop2930?Redirect=Log&logNo=221524578157,다이어트간편식추천아임웰현미곤약밥과오늘은소스후기!!
571,https://blog.naver.com/shop2930?Redirect=Log&logNo=221524113038,안양마카롱택배맛집the착한디저트추천!!
572,https://blog.naver.com/shop2930?Redirect=Log&logNo=221523664338,[스포일러절취선]어벤져스엔드게임후기쿠키영상/마지막대사
573,https://blog.naver.com/shop2930?Redirect=Log&logNo=221523052628,이색데이트추천서로알아볼수있는커플백문백답후기!!
574,https://blog.naver.com/shop2930?Redirect=Log&logNo=221522226638,다이어트샐러드추천샐러드를그대로로간편하게채소섭취해요!!
575,https://blog.naver.com/shop2930?Redirect=Log&logNo=221521384965,삼각대셀카봉추천엘바프리미엄블루투스셀카봉사용후기
576,https://blog.naver.com/shop2930?Redirect=Log&logNo=221520576578,100%과일퓨레추천아넬라과일디저트아기간식으로도좋아요
577,https://blog.naver.com/shop2930?Redirect=Log&logNo=221519568690,"발각질관리추천템,터치유어바디피치풋밤사용후기!!"
578,https://blog.naver.com/shop2930?Redirect=Log&logNo=221517798877,서울전시회추천k현대미술관뮤지엄테라피:디어브레인전후기
579,https://blog.naver.com/shop2930?Redirect=Log&logNo=221517615449,다이어트쉐이크추천에스프로젝트플러스보틀혼합형세트후기
580,https://blog.naver.com/shop2930?Redirect=Log&logNo=221516734552,가성비좋은전동칫솔추천마이룸수직상하음파전동칫솔후기
581,https://blog.naver.com/shop2930?Redirect=Log&logNo=221515824657,현미밥다이어트식사대용추천건강현미밥바후기
582,https://blog.naver.com/shop2930?Redirect=Log&logNo=221514891588,선쿠션추천엘로엘팡팡빅선쿠션으로미백프루프까지한번에!!
583,https://blog.naver.com/shop2930?Redirect=Log&logNo=221513398090,인스타그램팔로워늘리기방법인스타터보사용후기!!
584,https://blog.naver.com/shop2930?Redirect=Log&logNo=221510315207,비공샵4월비공데이!!매달13일비공샵초특가이벤트!!
585,https://blog.naver.com/shop2930?Redirect=Log&logNo=221512136331,압구정맛집추천데이트하기좋은포르코로쏘후기!!
586,https://blog.naver.com/shop2930?Redirect=Log&logNo=221511251314,온밀짜먹는간편죽따듯한한끼추천!!
587,https://blog.naver.com/shop2930?Redirect=Log&logNo=221510323681,"히알루론산,저분자콜라겐이들어있는이너뷰티알약,히알라스킨후기"
588,https://blog.naver.com/shop2930?Redirect=Log&logNo=221509491354,"무지외반증교정에좋은발가락교정기,핑크레이발가락링후기!!"
589,https://blog.naver.com/shop2930?Redirect=Log&logNo=221508514307,도산공원맛집추천압구정레스토랑에미넌트(EMINENT)후기
590,https://blog.naver.com/shop2930?Redirect=Log&logNo=221506128329,"질염예방을위한여성유산균,아이힐비너스유산균후기!!"
591,https://blog.naver.com/shop2930?Redirect=Log&logNo=221506133637,공주밤이통째로들어있는밤빵리치몬드공주밤파이후기!!
592,https://blog.naver.com/shop2930?Redirect=Log&logNo=221506500762,"공기정화에도좋고기르기도좋은식물,우리집마리모에요!!"
593,https://blog.naver.com/shop2930?Redirect=Log&logNo=221505474546,길림양행허니버터아몬드앤프렌즈5가지맛후기!!
594,https://blog.naver.com/shop2930?Redirect=Log&logNo=221504483200,다이어트식단프로틴바아므라이트앤이지바후기!!
595,https://blog.naver.com/shop2930?Redirect=Log&logNo=221503648861,마켓컬리참여이벤트명5월추천인shop2930쿠폰정리
596,https://blog.naver.com/shop2930?Redirect=Log&logNo=221502434492,퓨전떡추천새벽방앗간옥수수치즈케익떡선물세트후기!!
597,https://blog.naver.com/shop2930?Redirect=Log&logNo=221501484412,손목보호대추천에이더손목보호대타입4실사용후기!!
598,https://blog.naver.com/shop2930?Redirect=Log&logNo=221500804997,"여성유산균추천,셀티바프로바이오틱스유산균우먼후기!!"
599,https://blog.naver.com/shop2930?Redirect=Log&logNo=221499876805,"송파구맛집,분위기좋은중화가정식효월방문후기!!"
600,https://blog.naver.com/shop2930?Redirect=Log&logNo=221497740285,"궁중팬추천,티쉐프오닉스컬렉션굿띠팬사용후기"
601,https://blog.naver.com/shop2930?Redirect=Log&logNo=221497963069,[공유]소니2019년새로운무비크리에디터용미러리스6400무료체험단
602,https://blog.naver.com/shop2930?Redirect=Log&logNo=221497535396,정육각친구추천이벤트및후기:세상에서가장신선한정육점
603,https://blog.naver.com/shop2930?Redirect=Log&logNo=221496815638,석촌호수맛집일본가정식코메또히또후기
604,https://blog.naver.com/shop2930?Redirect=Log&logNo=221495720308,"단백질식사대용간편식,청춘푸드단호박콩콩볼후기!!"
605,https://blog.naver.com/shop2930?Redirect=Log&logNo=221494447402,반조리식품추천와카메어묵탕모둠세트후기
606,https://blog.naver.com/shop2930?Redirect=Log&logNo=221493201229,"청주시내카페,무심천카페커피니크오믈렛후기"
607,https://blog.naver.com/shop2930?Redirect=Log&logNo=221491092786,간단쯔유요리무두부조림과양파계란덮밥후기!!(feat.이쯔모쯔유)
608,https://blog.naver.com/shop2930?Redirect=Log&logNo=221491260906,비공플러스추천인shop2930&사용방법!!
609,https://blog.naver.com/shop2930?Redirect=Log&logNo=221490576810,간편한다리미추천쿠비녹스스팀핸디형다리미추천!!
610,https://blog.naver.com/shop2930?Redirect=Log&logNo=221489775516,"다이어트잡곡밥,저칼로리대신물산현미곤약밥후기"
611,https://blog.naver.com/shop2930?Redirect=Log&logNo=221489300936,"커피대신마시는에너지드링크,에너지온이온맨즈후기!!"
612,https://blog.naver.com/shop2930?Redirect=Log&logNo=221487239334,"가볍게한잔하기좋은모란술집,힐링포션후기!!"
613,https://blog.naver.com/shop2930?Redirect=Log&logNo=221487191631,"후라이팬교체서비스,라피올라인덕션후라이팬사용후기!!"
614,https://blog.naver.com/shop2930?Redirect=Log&logNo=221486281142,야탑만화카페북스토리지에서실내데이트후기!!
615,https://blog.naver.com/shop2930?Redirect=Log&logNo=221486167053,영화&lt;캡틴마블&gt;후기!!쿠키영상2개해석스포절취선
616,https://blog.naver.com/shop2930?Redirect=Log&logNo=221483181033,"인스타그램팔로워관리,FFM자연스러운&quot;완벽한&quot;후기!!"
617,https://blog.naver.com/shop2930?Redirect=Log&logNo=221483180619,익선동맛집가성비좋은종로스테이크에서익선동데이트!!
618,https://blog.naver.com/shop2930?Redirect=Log&logNo=221483180129,인사동외국인선물하기좋은한국전통소품샵우리미후기
619,https://blog.naver.com/shop2930?Redirect=Log&logNo=221483176707,붓기제거를위한붓기차추천밀라이트브이차섭취후기!!
620,https://blog.naver.com/shop2930?Redirect=Log&logNo=221483151543,[플라스틱프리챌린지]환경운동릴레이캠페인참여완료!!
621,https://blog.naver.com/shop2930?Redirect=Log&logNo=221482327553,다이어트두유추천DMZ청정두유올리고플러스후기
622,https://blog.naver.com/shop2930?Redirect=Log&logNo=221481539025,부산귀금속상가범일동반지갤러리젬결혼반지후기!!
623,https://blog.naver.com/shop2930?Redirect=Log&logNo=221480658035,서울숲맛집추천냐항성수핫플레이스후기!!
624,https://blog.naver.com/shop2930?Redirect=Log&logNo=221479721999,마켓컬리참여이벤트명&추천인shop2930첫구매꿀팁
625,https://blog.naver.com/shop2930?Redirect=Log&logNo=221478591957,수입과자하오리위안옥수수맛밀크캔디호돌이종합식품후기!!
626,https://blog.naver.com/shop2930?Redirect=Log&logNo=221476375462,"사람인무료인적성검사후맥북,에어팟이벤트참여후기!!"
627,https://blog.naver.com/shop2930?Redirect=Log&logNo=221477019943,랄라블라3월브랜드데이1주년기념최다품목최대세일일세!!
628,https://blog.naver.com/shop2930?Redirect=Log&logNo=221476200226,바이올팩키지스파우트음료파우치곤약젤리만들기후기
629,https://blog.naver.com/shop2930?Redirect=Log&logNo=221474943733,피부속건조극복을위한파이토뉴트리곤약세라미드3개월섭취후기
630,https://blog.naver.com/shop2930?Redirect=Log&logNo=221473505541,"성남수진역미용실추천,바나헤어에서복구클리닉후기!!"
631,https://blog.naver.com/shop2930?Redirect=Log&logNo=221472324809,도마추천자취필수템버블락멀티도마사용후기!!
632,https://blog.naver.com/shop2930?Redirect=Log&logNo=221471431695,샐러드도시락원더그린밥보다샐러드버라이어티팩솔직후기!!
633,https://blog.naver.com/shop2930?Redirect=Log&logNo=221470662997,"(자취요리)간단전자레인지요리,무한피망후기!!"
634,https://blog.naver.com/shop2930?Redirect=Log&logNo=221469575369,"다이어트떡볶이추천,닥터리브곤약떡볶이솔직후기!!"
635,https://blog.naver.com/shop2930?Redirect=Log&logNo=221468589939,차량용공기청정기추천윈크라우드WIN10라이트후기
636,https://blog.naver.com/shop2930?Redirect=Log&logNo=221467909291,"태평역맛집,수진동소주한잔하기좋은옛날숯불닭갈비후기"
637,https://blog.naver.com/shop2930?Redirect=Log&logNo=221466803634,"유당불내증을위한김치유산균추천,모거트아디오스망고미후기"
638,https://blog.naver.com/shop2930?Redirect=Log&logNo=221465643818,"채식식단을위한식사대용선식,FARM79비건테이블후기"
639,https://blog.naver.com/shop2930?Redirect=Log&logNo=221464847845,"소개팅,동네친구만들기어플위피후기!!"
640,https://blog.naver.com/shop2930?Redirect=Log&logNo=221464082102,대신물산곤약쌀알알이곤약으로다이어트곤약밥만들기
641,https://blog.naver.com/shop2930?Redirect=Log&logNo=221462925493,"우리나라전통건강간식,오희숙전통부각선물세트후기"
642,https://blog.naver.com/shop2930?Redirect=Log&logNo=221461990936,모란역술집분위기좋은사천중화요리맛집효월후기
643,https://blog.naver.com/shop2930?Redirect=Log&logNo=221460838511,미세먼지때려잡는오슬로차량용공기청정기후기
644,https://blog.naver.com/shop2930?Redirect=Log&logNo=221459910785,"발렌타인데이선물추천,고디바발렌타인데이초콜릿페어리후기!!"
645,https://blog.naver.com/shop2930?Redirect=Log&logNo=221458214049,다이어트커피반쪽까페로간편하게식단조절!!
646,https://blog.naver.com/shop2930?Redirect=Log&logNo=221457431575,영화&lt;드래곤길들이기3&gt;후기쿠키영상없음/스포절취선있음
647,https://blog.naver.com/shop2930?Redirect=Log&logNo=221457037941,마켓컬리참여이벤트/추천인혜택정리shop2930(4/29수정)
648,https://blog.naver.com/shop2930?Redirect=Log&logNo=221456462948,"모란역마사지추천,휴타이에서아로마마사지받아본후기!!"
649,https://blog.naver.com/shop2930?Redirect=Log&logNo=221455704267,단백질쉐이크다신샵단백한끼아침대용선식으로도강추!!
650,https://blog.naver.com/shop2930?Redirect=Log&logNo=221454742935,어린이건강간식추천유가원유기농심쿵넛츠후기!!
651,https://blog.naver.com/shop2930?Redirect=Log&logNo=221453762162,"영화&lt;극한직업&gt;후기유쾌한코미디영화추천,스포절취선있음"
652,https://blog.naver.com/shop2930?Redirect=Log&logNo=221453029978,"설탕대체천연당,칼로리없는더착한스테비아설탕대신사용후기"
653,https://blog.naver.com/shop2930?Redirect=Log&logNo=221452192129,저칼로리간식추천칼로바이젤리다이너뷰티스틱솔직후기
654,https://blog.naver.com/shop2930?Redirect=Log&logNo=221451062251,"청주과일가게추천,황금사과에서과일배달후기!!"
655,https://blog.naver.com/shop2930?Redirect=Log&logNo=221450123129,"재사용가능한스테인리스빨대,세이플래닛접이식빨대추천!!"
656,https://blog.naver.com/shop2930?Redirect=Log&logNo=221449047066,연세우유가스파드와리사슈레드치즈로단호박그라탕만들기!!
657,https://blog.naver.com/shop2930?Redirect=Log&logNo=221448143011,기초대사량높이는법자기전칼로몬잔티젠한알로다이어트하기!!
658,https://blog.naver.com/shop2930?Redirect=Log&logNo=221447149084,부모님명절선물세트추천백년화편밥알찹쌀떡배송후기!!
659,https://blog.naver.com/shop2930?Redirect=Log&logNo=221445987481,파이토뉴트리곤약세라미드피부속건조극복후기
660,https://blog.naver.com/shop2930?Redirect=Log&logNo=221444505234,쿠팡파트너스추천인AF0634330가입및사용방법!!
661,https://blog.naver.com/shop2930?Redirect=Log&logNo=221443234242,무선공유기넷기어오르비RBR20와이파이시스템추천!!
662,https://blog.naver.com/shop2930?Redirect=Log&logNo=221441857077,"스타벅스신제품이천햅쌀라떼가격,칼로리후기"
663,https://blog.naver.com/shop2930?Redirect=Log&logNo=221441434713,아침식사대용헬스크런치수제견과류바명절선물추천!!
664,https://blog.naver.com/shop2930?Redirect=Log&logNo=221440482049,꽃송이버섯먹는방법꽃송이버섯분말로꾸준히섭취하기
665,https://blog.naver.com/shop2930?Redirect=Log&logNo=221439755411,마켓컬리추천인shop2930첫구매꿀팁
666,https://blog.naver.com/shop2930?Redirect=Log&logNo=221439578663,(자취요리)간편식응용요리누룽지삼계죽후기
667,https://blog.naver.com/shop2930?Redirect=Log&logNo=221438585550,"휴대용산소캔추천,지리에어산소캔사용후기!!"
668,https://blog.naver.com/shop2930?Redirect=Log&logNo=221437192788,모란역맛집안주가다양한이자카야마쯔리방문후기!!
669,https://blog.naver.com/shop2930?Redirect=Log&logNo=221436373410,커큐민풍부한진도울금토박이농장울금강황환효능후기!!
670,https://blog.naver.com/shop2930?Redirect=Log&logNo=221435416197,"닭가슴살볼추천,아임닭닭가슴살빅볼후기!!"
671,https://blog.naver.com/shop2930?Redirect=Log&logNo=221434292199,청주안경추천가성비좋은으뜸플러스안경청주점후기
672,https://blog.naver.com/shop2930?Redirect=Log&logNo=221433486195,"청주가경동맛집,본가장수촌청주회식장소로도강추!!"
673,https://blog.naver.com/shop2930?Redirect=Log&logNo=221432660676,홍삼진액스틱홍삼의선물에브리데이V명절선물추천!!
674,https://blog.naver.com/shop2930?Redirect=Log&logNo=221431872490,"마켓컬리추천인shop2930,1월마켓컬리참여이벤트"
675,https://blog.naver.com/shop2930?Redirect=Log&logNo=221430870106,"청주마카롱맛집별땅마카롱,시내마카롱카페추천!!"
676,https://blog.naver.com/shop2930?Redirect=Log&logNo=221429916818,인덕션뚝배기추천틸만인덕션스텐뚝배기로치즈계란찜만들기!!
677,https://blog.naver.com/shop2930?Redirect=Log&logNo=221428161065,"단백질보충제추천,건강한형제들헬시스토리후기!!"
678,https://blog.naver.com/shop2930?Redirect=Log&logNo=221427344099,"양대파를사용한자취생요리,양대파목살불고기와양대파장아찌만드는방법!!"
679,https://blog.naver.com/shop2930?Redirect=Log&logNo=221426941102,미세먼지공기청정기추천미소무드등미니공기청정기후기!!
680,https://blog.naver.com/shop2930?Redirect=Log&logNo=221425937631,"[공유]럭셔리노트북의기준,2019NEWHP스펙터x360무료체험단모집!"
681,https://blog.naver.com/shop2930?Redirect=Log&logNo=221425911724,"오뚜기된장찌개와누룽지,김치찌개와누룽지속편한한끼추천!!"
682,https://blog.naver.com/shop2930?Redirect=Log&logNo=221423527824,선릉회식장소추천도쿄등심선릉역데이트장소로도강추!!
683,https://blog.naver.com/shop2930?Redirect=Log&logNo=221422738715,"크리스마스여자친구선물추천,프롬비셀럽손난로보조배터리후기"
684,https://blog.naver.com/shop2930?Redirect=Log&logNo=221421514481,원룸공기청정기추천필터없는퓨리팟미니공기청정기후기!!
685,https://blog.naver.com/shop2930?Redirect=Log&logNo=221418409488,주방위생관리필수품스마트케어도마살균기후기!!
686,https://blog.naver.com/shop2930?Redirect=Log&logNo=221418404291,저소음초음파가습기추천코끼리스토어KLH-C103후기!!
687,https://blog.naver.com/shop2930?Redirect=Log&logNo=221418408481,냉장고정리용기이지쏙냉장고수납정리함후기!!
688,https://blog.naver.com/shop2930?Redirect=Log&logNo=221418594863,식사대용간편식추천청춘푸드인절미콩콩볼비건단백질간식
689,https://blog.naver.com/shop2930?Redirect=Log&logNo=221417652613,클리몬세탁조클리너추천세탁조청소후기!!
690,https://blog.naver.com/shop2930?Redirect=Log&logNo=221417512313,"식사대용닭가슴살만두,맛있닭닭가슴살한끼만두후기!!"
691,https://blog.naver.com/shop2930?Redirect=Log&logNo=221416816443,피부속건조파이토뉴트리곤약세라미드10일섭취후기!!
692,https://blog.naver.com/shop2930?Redirect=Log&logNo=221415999994,"ACTTO블루투스동글이,블루투스어댑터연결및사용방법"
693,https://blog.naver.com/shop2930?Redirect=Log&logNo=221412924241,저칼로리간식추천칼로바이깔라만시뉴트리션바후기!!
694,https://blog.naver.com/shop2930?Redirect=Log&logNo=221414945964,설탕대체감미료신선맘에리스리톨위드스테비아후기
695,https://blog.naver.com/shop2930?Redirect=Log&logNo=221413630169,가성비좋은사운드바추천야마하YAS-207홈시어터후기!!
696,https://blog.naver.com/shop2930?Redirect=Log&logNo=221413626748,가성비좋은사운드바추천야마하YAS-207개봉기!!
697,https://blog.naver.com/shop2930?Redirect=Log&logNo=221413043012,"액토블루투스동글,블루투스어댑터개봉및설치방법"
698,https://blog.naver.com/shop2930?Redirect=Log&logNo=221411940099,"차량용소화기의무화,피레보가정용소화기강력추천!!"
699,https://blog.naver.com/shop2930?Redirect=Log&logNo=221410825843,다이어트간식마이요기프로틴바아는형님시리얼바후기
700,https://blog.naver.com/shop2930?Redirect=Log&logNo=221409452882,12월마켓컬리참여이벤트마켓컬리추천인shop2930
701,https://blog.naver.com/shop2930?Redirect=Log&logNo=221408804931,아임닭아임웰브랜드캐스터를마치며...
702,https://blog.naver.com/shop2930?Redirect=Log&logNo=221407331466,가정용산소발생기하루산소미세먼지환기해결!!
703,https://blog.naver.com/shop2930?Redirect=Log&logNo=221406380592,오리역맛집남도미락분당한정식맛집추천!!
704,https://blog.naver.com/shop2930?Redirect=Log&logNo=221405875736,아임웰닭가슴살스테이크도시락자취생다이어트도시락추천!!
705,https://blog.naver.com/shop2930?Redirect=Log&logNo=221405367768,"MBN기부앤테이크,사세요!!스타들의재능기부릴레이금요예능!!"
706,https://blog.naver.com/shop2930?Redirect=Log&logNo=221404762764,당뇨반찬닥다몰당뇨식단맛보기키트솔직후기!!
707,https://blog.naver.com/shop2930?Redirect=Log&logNo=221403902161,"고속무선충전보조배터리추천,무무CT3000C후기"
708,https://blog.naver.com/shop2930?Redirect=Log&logNo=221403254486,부모님견과류선물바삭홍삼수제견과류바추천!!
709,https://blog.naver.com/shop2930?Redirect=Log&logNo=221402293998,운동블루투스이어폰추천노이즈캔슬링sgnlHB-N50후기!!
710,https://blog.naver.com/shop2930?Redirect=Log&logNo=221401449073,"밀폐용기추천,웰스락원터치밀폐용기사용후기!!"
711,https://blog.naver.com/shop2930?Redirect=Log&logNo=221400999403,그대로말린천연조미료추천인터넷최저가공구中
712,https://blog.naver.com/shop2930?Redirect=Log&logNo=221400544876,[일본홋카이도여행]노보리베츠지옥계곡센겐공원방문후기.
713,https://blog.naver.com/shop2930?Redirect=Log&logNo=221400242721,프로바이오틱스유산균추천!!자연모아인생유산균후기
714,https://blog.naver.com/shop2930?Redirect=Log&logNo=221399654173,"식물성단백질추천,청춘푸드카카오콩콩볼단백질보충!!"
715,https://blog.naver.com/shop2930?Redirect=Log&logNo=221399212104,"비타민샤워기추천!!염소,녹물제거낫포유샤워기후기"
716,https://blog.naver.com/shop2930?Redirect=Log&logNo=221398478635,"다이어트요리,수비드닭가슴살을사용한고구마보트"
717,https://blog.naver.com/shop2930?Redirect=Log&logNo=221397722941,다이어트식단시리얼바엄마사랑리얼오트바후기!!
718,https://blog.naver.com/shop2930?Redirect=Log&logNo=221397087099,생리통완화를찜질팩추천달에서온팩사용후기
719,https://blog.naver.com/shop2930?Redirect=Log&logNo=221396337534,사무실미니가습기추천요기쏘무드등가습기강추!!
720,https://blog.naver.com/shop2930?Redirect=Log&logNo=221395846520,모란역룸카페유앤썸데이트코스로추천!!
721,https://blog.naver.com/shop2930?Redirect=Log&logNo=221395354513,"도시락몰냉동도시락추천,아임웰굿밸런스라이트밀도시락후기!!"
722,https://blog.naver.com/shop2930?Redirect=Log&logNo=221394841753,휴대용칫솔살균기추천알리오T-클린으로사무실칫솔관리!!
723,https://blog.naver.com/shop2930?Redirect=Log&logNo=221394062136,"홍대함께해요카카오게임전시회방문,이색체험후기!"
724,https://blog.naver.com/shop2930?Redirect=Log&logNo=221393314910,"만능채칼추천,리앤쿡만도린슬라이서안전하게채썰기"
725,https://blog.naver.com/shop2930?Redirect=Log&logNo=221392549859,괴산절임배추추천괴산울엄마농장김장김치후기!!
726,https://blog.naver.com/shop2930?Redirect=Log&logNo=221391791312,"장건강에좋은갈락토올리고당,GF갈락토올리고밸런스후기!!"
727,https://blog.naver.com/shop2930?Redirect=Log&logNo=221391241046,"얌테이블순살장어,집에서편하게장어구이만드는법"
728,https://blog.naver.com/shop2930?Redirect=Log&logNo=221390463308,"무가당무첨가두유추천,저칼로리다이어트간식!!"
729,https://blog.naver.com/shop2930?Redirect=Log&logNo=221390046282,"저주파마사지기추천,판다저주파안마기후기!!"
730,https://blog.naver.com/shop2930?Redirect=Log&logNo=221389308476,"마켓컬리12월참여이벤트,마켓컬리추천인shop2930"
731,https://blog.naver.com/shop2930?Redirect=Log&logNo=221389290181,"식사대용선식추천,카무트한끼모링가맛후기!!"
732,https://blog.naver.com/shop2930?Redirect=Log&logNo=221388550956,"붓기에좋은음식,붓기안녕호박죽간편식추천!!"
733,https://blog.naver.com/shop2930?Redirect=Log&logNo=221387807506,대전둔산동맛집갓잡은듯한싱싱함!!
734,https://blog.naver.com/shop2930?Redirect=Log&logNo=221387362980,동영상녹화프로그램반디캠으로컴퓨터화면녹화후기
735,https://blog.naver.com/shop2930?Redirect=Log&logNo=221386586157,다이어트생식추천연세백세생식후기!!
736,https://blog.naver.com/shop2930?Redirect=Log&logNo=221386194358,"무료웹툰보기사이트미소설신규작품,달달한그녀후기!!"
737,https://blog.naver.com/shop2930?Redirect=Log&logNo=221385597196,다이어트닭가슴살요리김치치킨롤냉장고파먹기!!
738,https://blog.naver.com/shop2930?Redirect=Log&logNo=221384860709,"유당불내증을위한우유대체음료,다노귀리보이후기!!"
739,https://blog.naver.com/shop2930?Redirect=Log&logNo=221384205461,"[일본홋카이도여행]사계채언덕,시키사이노오카"
740,https://blog.naver.com/shop2930?Redirect=Log&logNo=221383473005,[일본홋카이도여행]오타루운하하나고코로스시후기
741,https://blog.naver.com/shop2930?Redirect=Log&logNo=221382681280,아침식사대용왕혜문체감한끼선식후기!!
742,https://blog.naver.com/shop2930?Redirect=Log&logNo=221381955418,잠실야구장먹거리파오파오만두택배후기!!
743,https://blog.naver.com/shop2930?Redirect=Log&logNo=221381369835,꽃송이버섯분말엘가닉꽃송이버섯과립으로간편하게섭취하자!!
744,https://blog.naver.com/shop2930?Redirect=Log&logNo=221380952071,다이어트필수템윈마이프리미엄스마트체중계추천!!
745,https://blog.naver.com/shop2930?Redirect=Log&logNo=221380240377,노량진수산시장회배달오늘회생참치모듬회후기!!
746,https://blog.naver.com/shop2930?Redirect=Log&logNo=221379904107,신한카드쏠앱으로GS254000원쿠폰&쏠방울2개후기!!
747,https://blog.naver.com/shop2930?Redirect=Log&logNo=221379556895,아임웰곤약밥다이어트식단간편하게완성!!
748,https://blog.naver.com/shop2930?Redirect=Log&logNo=221378800698,"예민한피부,유아보습로션추천아토비케이로션후기"
749,https://blog.naver.com/shop2930?Redirect=Log&logNo=221378054806,"야탑역맛집데이트하기좋은밥집,쉐프의밥후기!!"
750,https://blog.naver.com/shop2930?Redirect=Log&logNo=221377351161,"한국포켓와이파이,코리아와이파이무제한데이터사용후기!!"
751,https://blog.naver.com/shop2930?Redirect=Log&logNo=221376463452,네이버메인에제블로그가올라갔어요!!블로거1년소감
752,https://blog.naver.com/shop2930?Redirect=Log&logNo=221376303794,아임닭훈제닭가슴살슬라이스맛있는닭가슴살다이어트!!
753,https://blog.naver.com/shop2930?Redirect=Log&logNo=221375296561,"핸드폰필름깔끔하게붙이기,프로콤갤럭시S8풀점착강화유리필름추천!!"
754,https://blog.naver.com/shop2930?Redirect=Log&logNo=221374582663,"진하고부드러운쑥라떼,띵커바디오늘쑥쉐이크후기!!"
755,https://blog.naver.com/shop2930?Redirect=Log&logNo=221373909272,[일본홋카이도여행]팜도미타라벤더농장후기!!
756,https://blog.naver.com/shop2930?Redirect=Log&logNo=221373217341,"휴대용가글추천,덴틱거품가글퓨어폴리후기"
757,https://blog.naver.com/shop2930?Redirect=Log&logNo=221372653666,브로콜리씻는법친환경세정제그린그램으로잔류농약제거!!
758,https://blog.naver.com/shop2930?Redirect=Log&logNo=221372091201,"다이어트쉐이크추천,프로게이너D3딸기요거트쉐이크후기"
759,https://blog.naver.com/shop2930?Redirect=Log&logNo=221370802295,"경주보문단지맛집추천,카페다이닝로브스터랍스타2인세트후기!!"
760,https://blog.naver.com/shop2930?Redirect=Log&logNo=221370731972,"영화&lt;베놈&gt;후기!!베놈쿠키영상내용,해석有"
761,https://blog.naver.com/shop2930?Redirect=Log&logNo=221369786754,음질좋은코드리스블루투스이어폰추천이어맥TWS-01후기!!
762,https://blog.naver.com/shop2930?Redirect=Log&logNo=221369671937,"동원양반죽,양반홍게살죽솔직후기!!"
763,https://blog.naver.com/shop2930?Redirect=Log&logNo=221368963861,"단호박요리다이어트반찬,단호박닭가슴살조림!!"
764,https://blog.naver.com/shop2930?Redirect=Log&logNo=221367886644,신논현역맛집알로하포케에서건강한한끼!!
765,https://blog.naver.com/shop2930?Redirect=Log&logNo=221367709244,Windows7공식지원종료그리고Windows10전환및pc교체
766,https://blog.naver.com/shop2930?Redirect=Log&logNo=221367162378,아임닭닭가슴살크런칩&닭가슴살스테이크와함께한명절후기!!
767,https://blog.naver.com/shop2930?Redirect=Log&logNo=221366287354,일본주방용품쇼핑몰미스달스튜디오도자기밀폐용기!!
768,https://blog.naver.com/shop2930?Redirect=Log&logNo=221365410666,"대학로뮤지컬추천,데이트코스로좋은뮤지컬김종욱찾기강추!!"
769,https://blog.naver.com/shop2930?Redirect=Log&logNo=221365293962,맛있는무설탕현미시리얼바원더그린원더바후기!!
770,https://blog.naver.com/shop2930?Redirect=Log&logNo=221364801901,"대학로맛집바오밥,든든한한식밥집강력추천!!"
771,https://blog.naver.com/shop2930?Redirect=Log&logNo=221364240112,경주황리단길맛집황남가일본가정식후기
772,https://blog.naver.com/shop2930?Redirect=Log&logNo=221364117013,"이삿짐센터가격비교사이트,내이사에서편하고간단하게하자!!"
773,https://blog.naver.com/shop2930?Redirect=Log&logNo=221363587604,"아임닭아임웰신제품,닭가슴살샐러드4종후기!!"
774,https://blog.naver.com/shop2930?Redirect=Log&logNo=221362868716,"아침식사대용선식,FARM79너의하루굿모닝"
775,https://blog.naver.com/shop2930?Redirect=Log&logNo=221362012658,"케이지프리동물복지계란,소원농장유정란추천!!"
776,https://blog.naver.com/shop2930?Redirect=Log&logNo=221361523540,경주한복대여입고놀자한복입고경주나들이!!
777,https://blog.naver.com/shop2930?Redirect=Log&logNo=221360634392,"인스타그램팔로워늘리기,마케팅스토리인스타그램패키지후기!!"
778,https://blog.naver.com/shop2930?Redirect=Log&logNo=221359899460,건강한한끼식사선물세트산들녘생식가루추천!!
779,https://blog.naver.com/shop2930?Redirect=Log&logNo=221358924378,(자취요리)두부명란볶음만들기!!
780,https://blog.naver.com/shop2930?Redirect=Log&logNo=221358863568,"닭가슴살브랜드,아임닭X아임웰브랜드캐스터시작다짐!!"
781,https://blog.naver.com/shop2930?Redirect=Log&logNo=221358816565,가성비좋은보만전동발각질제거기후기!!
782,https://blog.naver.com/shop2930?Redirect=Log&logNo=221358080871,마켓컬리참여이벤트10월정보마켓컬리추천인shop2930
783,https://blog.naver.com/shop2930?Redirect=Log&logNo=221357453573,"부모님추석선물추천,손수만든다과수다견과류바세트!!"
784,https://blog.naver.com/shop2930?Redirect=Log&logNo=221357325674,"먹기편한귀리우유,아침을맡귀리귀리다이어트후기"
785,https://blog.naver.com/shop2930?Redirect=Log&logNo=221356016412,"자세교정밴드,닥터스토리밸런스밴드후기"
786,https://blog.naver.com/shop2930?Redirect=Log&logNo=221355372497,광화문맛집분위기좋은레스토랑보나베띠광화문점후기!!
787,https://blog.naver.com/shop2930?Redirect=Log&logNo=221355533754,"말린고사리삶는법,서기네농장국산고사리후기!!"
788,https://blog.naver.com/shop2930?Redirect=Log&logNo=221355022976,치아건강입냄새제거에좋은치똘이사탕후기!!
789,https://blog.naver.com/shop2930?Redirect=Log&logNo=221354452223,대학로술집생활맥주대학로점맥주5종샘플러&소시지후기!!
790,https://blog.naver.com/shop2930?Redirect=Log&logNo=221353767043,아임닭닭가슴살스테이크건강하고맛있는다이어트식단!!
791,https://blog.naver.com/shop2930?Redirect=Log&logNo=221353088698,"다이어트야식,다이어트간식으로좋은그로서리서울죽3종후기!!"
792,https://blog.naver.com/shop2930?Redirect=Log&logNo=221352367767,아모케빠지리카노직장인다이어트커피추천!!
793,https://blog.naver.com/shop2930?Redirect=Log&logNo=221351634055,추석선물세트비마이허니천연벌꿀추천!!
794,https://blog.naver.com/shop2930?Redirect=Log&logNo=221349892160,[일본홋카이도여행]삿포로홋카이도청구본청사&오오도리공원후기!!
795,https://blog.naver.com/shop2930?Redirect=Log&logNo=221349220682,"휴대가간편한저주파마사지기,클럭미니마사지기후기!!"
796,https://blog.naver.com/shop2930?Redirect=Log&logNo=221348537594,[일본홋카이도여행]삿포로맥주박물관후기
797,https://blog.naver.com/shop2930?Redirect=Log&logNo=221345357160,비비고남도떡갈비간단반찬용냉동식품추천!!
798,https://blog.naver.com/shop2930?Redirect=Log&logNo=221345356526,다이어트간식네이처드림맛있게배부른곤약젤리망고후기!!
799,https://blog.naver.com/shop2930?Redirect=Log&logNo=221345322482,드럼세탁기문여는법꿀팁!!
800,https://blog.naver.com/shop2930?Redirect=Log&logNo=221344586972,젓갈쇼핑몰물고기두마리에서한끼젓갈세트후기!!
801,https://blog.naver.com/shop2930?Redirect=Log&logNo=221343730072,모란역카페분위기좋은어반코코후기!!
802,https://blog.naver.com/shop2930?Redirect=Log&logNo=221343225217,[공유]후지필름XF10무료체험단
803,https://blog.naver.com/shop2930?Redirect=Log&logNo=221343174867,성남삼계탕배달맛집초원의집에서누룽지백숙후기!!
804,https://blog.naver.com/shop2930?Redirect=Log&logNo=221342215429,젤라또팩토리하또하또패디핏스티커로패디큐어후기!!
805,https://blog.naver.com/shop2930?Redirect=Log&logNo=221340915048,안산한정식맛집좋구먼안산점괜찮은정식후기!!
806,https://blog.naver.com/shop2930?Redirect=Log&logNo=221340581265,"직장인다이어트식단다이어트빵,건강현미빵바후기!!"
807,https://blog.naver.com/shop2930?Redirect=Log&logNo=221340582451,안산낚시카페고피쉬에서실내데이트후기
808,https://blog.naver.com/shop2930?Redirect=Log&logNo=221338084091,자기전슬립밸런스한알로숙면취하는법!!
809,https://blog.naver.com/shop2930?Redirect=Log&logNo=221338828664,전자책어플밀리의서재로출퇴근길알차게독서하기!!
810,https://blog.naver.com/shop2930?Redirect=Log&logNo=221337479318,"발의피로를풀어주는수액패치,활기천수액시트후기!!"
811,https://blog.naver.com/shop2930?Redirect=Log&logNo=221337990817,청주사창동충북대맛집이자카야최부짱방문후기!!
812,https://blog.naver.com/shop2930?Redirect=Log&logNo=221337463744,3가지타입이지원되는아이존이십일EZ-3in1멀티충전케이블!!
813,https://blog.naver.com/shop2930?Redirect=Log&logNo=221336986499,혜택많은일본직구사이트코스믹에서저렴하게상품구매후기!!
814,https://blog.naver.com/shop2930?Redirect=Log&logNo=221336413811,발산역맛집냉면과갈비찜이맛있는강남면옥후기!!
815,https://blog.naver.com/shop2930?Redirect=Log&logNo=221335749571,"18가지야채가들어있는클렌즈주스,몬스터그린스무디추천!!"
816,https://blog.naver.com/shop2930?Redirect=Log&logNo=221334822113,"맥주안주과자,다이어트간식황태스낵하루황태추천!!"
817,https://blog.naver.com/shop2930?Redirect=Log&logNo=221334367028,성산일출봉맛집해산물이푸짐한맛집성산바다추천!!
818,https://blog.naver.com/shop2930?Redirect=Log&logNo=221333369414,모란역고기집맛집맛찬들왕소금구이방문후기!
819,https://blog.naver.com/shop2930?Redirect=Log&logNo=221332968382,황리단길경주빵맛집이상복경주빵추천!!
820,https://blog.naver.com/shop2930?Redirect=Log&logNo=221331908309,자취요리)시금치프리타타만들기.
821,https://blog.naver.com/shop2930?Redirect=Log&logNo=221331482056,"다이어트식사대용,한장의식단단백질쉐이크후기!!"
822,https://blog.naver.com/shop2930?Redirect=Log&logNo=221331422608,하루견과추천!!캠핑간식으로도좋은오트리고메넛츠시그니처견과류
823,https://blog.naver.com/shop2930?Redirect=Log&logNo=221330852277,"헤어드라이기추천,16단계조절이가능한FHIsp2200!!"
824,https://blog.naver.com/shop2930?Redirect=Log&logNo=221330150324,"풋사과분말추천!!칼로바이풋사과스틱,레몬밤스틱후기쿠폰공유!!"
825,https://blog.naver.com/shop2930?Redirect=Log&logNo=221328797740,"김선물세트,효성푸드옥동자조미김세트후기"
826,https://blog.naver.com/shop2930?Redirect=Log&logNo=221328392893,"음질좋은이어폰,이어맥EGB-02블루투스이어폰후기"
827,https://blog.naver.com/shop2930?Redirect=Log&logNo=221328392535,모란맛집마시마루묵은지닭볶음탕후기
828,https://blog.naver.com/shop2930?Redirect=Log&logNo=221327621477,"몸에좋은브라질너트,호두견과류쇼핑몰데이츠에서!"
829,https://blog.naver.com/shop2930?Redirect=Log&logNo=221326553474,"추석선물,부모님선물잇츠에너지흑마늘추천!!"
830,https://blog.naver.com/shop2930?Redirect=Log&logNo=221326401645,"진짜두유,국산농산물정기배송박스,완주로컬푸드소이박스꾸러미후기!!"
831,https://blog.naver.com/shop2930?Redirect=Log&logNo=221325663910,"아임닭닭가슴살큐브,아임웰고구마큐브후기!!"
832,https://blog.naver.com/shop2930?Redirect=Log&logNo=221325623996,"결혼식답례품,돌잔치답례품다후믹스넛후기!!"
833,https://blog.naver.com/shop2930?Redirect=Log&logNo=221324535366,행복한사람들귀리스틱으로귀리다이어트!!
834,https://blog.naver.com/shop2930?Redirect=Log&logNo=221324069876,여행샌들로좋은토두스스트랩샌들추천!!
835,https://blog.naver.com/shop2930?Redirect=Log&logNo=221323427507,맛있는모시떡추천!!영광명품떡모시송편후기
836,https://blog.naver.com/shop2930?Redirect=Log&logNo=221322302879,"가성비좋은블루투스이어폰추천,에이투AT221후기!!"
837,https://blog.naver.com/shop2930?Redirect=Log&logNo=221321706288,"마켓컬리추천인shop2930,마켓컬리참여이벤트(8월06~)"
838,https://blog.naver.com/shop2930?Redirect=Log&logNo=221321393187,유해성분없는토일렛롤/롤휴지바스틀리화장지후기!!
839,https://blog.naver.com/shop2930?Redirect=Log&logNo=221320346056,오아시스마켓에서새벽배송으로편하게장보기!!
840,https://blog.naver.com/shop2930?Redirect=Log&logNo=221320000195,진삼가홍삼정타브렛홍삼제품으로건강챙기기!!
841,https://blog.naver.com/shop2930?Redirect=Log&logNo=221319487178,다이어트도시락배달포르미도시락으로맛있게다이어트하기!!
842,https://blog.naver.com/shop2930?Redirect=Log&logNo=221319030256,"사용중,새후라이팬세척방법과우유코팅방법!!"
843,https://blog.naver.com/shop2930?Redirect=Log&logNo=221318344284,단백질쉐이크추천!!칼로바이파워쉐이크후기쿠폰
844,https://blog.naver.com/shop2930?Redirect=Log&logNo=221317616913,밥앤도시락다이어트식단배달900kcal저염3끼솔직후기!!
845,https://blog.naver.com/shop2930?Redirect=Log&logNo=221316906472,"피부장벽강화를위한영양제,곤약세라미드후기"
846,https://blog.naver.com/shop2930?Redirect=Log&logNo=221316164831,"커피대신마시는링거,링티로피곤하지않을권리!!"
847,https://blog.naver.com/shop2930?Redirect=Log&logNo=221315505903,자세교정방석몬스터바디업시트바른자세유지하기!!
848,https://blog.naver.com/shop2930?Redirect=Log&logNo=221314911706,청주시내맛집홍두꺼비식당양푼등갈비찜후기!!
849,https://blog.naver.com/shop2930?Redirect=Log&logNo=221314538211,"수제견과류바,소담하다현미시리얼바후기"
850,https://blog.naver.com/shop2930?Redirect=Log&logNo=221313792135,이것저것후기들자잘해서올리지못했던것들!!
851,https://blog.naver.com/shop2930?Redirect=Log&logNo=221313042755,"아이스브레이커스라즈베리,워터멜론,워터멜론&레몬에이드맛후기"
852,https://blog.naver.com/shop2930?Redirect=Log&logNo=221312474120,"편리한끼왕갈비탕,소고기국밥솔직후기"
853,https://blog.naver.com/shop2930?Redirect=Log&logNo=221311792728,"이수역삼겹살맛집팔이구이이수
태평점후기"
854,https://blog.naver.com/shop2930?Redirect=Log&logNo=221311082524,"(자취요리)야채밥,채소밥만들기냉장고파먹기"
855,https://blog.naver.com/shop2930?Redirect=Log&logNo=221310419378,남성역맛집백채김치찌개후기!!
856,https://blog.naver.com/shop2930?Redirect=Log&logNo=221309864321,"일본호빵맨모기패치,액체무히S사용후기"
857,https://blog.naver.com/shop2930?Redirect=Log&logNo=221309355764,혜화역맛집가성비좋은장수분식후기
858,https://blog.naver.com/shop2930?Redirect=Log&logNo=221308706650,"바디나인닭가슴살다이어트도시락,다이어트식단으로추천!!"
859,https://blog.naver.com/shop2930?Redirect=Log&logNo=221307772500,라고디자인스크래치컬러링북으로직장인취미생활중~♪
860,https://blog.naver.com/shop2930?Redirect=Log&logNo=221307259056,정자역맛집벨라로사코스요리후기
861,https://blog.naver.com/shop2930?Redirect=Log&logNo=221306434193,"바다사나이연어필렛,광어필렛으로다양한요리만들기!!"
862,https://blog.naver.com/shop2930?Redirect=Log&logNo=221305283795,인터메이칼리아침대스마트폰거치대CF-350후기
863,https://blog.naver.com/shop2930?Redirect=Log&logNo=221304294969,"(자취요리)참치캔요리,계란참치전만드는법!!"
864,https://blog.naver.com/shop2930?Redirect=Log&logNo=221303661380,벽걸이건조대엔스토어공간아트매직건조대사용후기!!
865,https://blog.naver.com/shop2930?Redirect=Log&logNo=221301546193,역삼역GFC디저트맛집노아베이커리케이크후기!!
866,https://blog.naver.com/shop2930?Redirect=Log&logNo=221302269484,선릉역회식장소나무스시앤참치후기!!
867,https://blog.naver.com/shop2930?Redirect=Log&logNo=221302058889,"닥다몰임당간식,당뇨간식8가지솔직후기!!"
868,https://blog.naver.com/shop2930?Redirect=Log&logNo=221301188832,홍삼추천제품진삼가원데이원타임홍삼정스틱
869,https://blog.naver.com/shop2930?Redirect=Log&logNo=221300164334,모란역고기집강남대파불고기방문후기!!
870,https://blog.naver.com/shop2930?Redirect=Log&logNo=221298661951,수원역맛집박영식등뼈찌개해물등뼈찜후기!!
871,https://blog.naver.com/shop2930?Redirect=Log&logNo=221299535249,선물하기좋은지니스너츠수제견과류세트후기!!
872,https://blog.naver.com/shop2930?Redirect=Log&logNo=221298588320,성남모란맛집굴사냥모란점닭한마리조개찜후기
873,https://blog.naver.com/shop2930?Redirect=Log&logNo=221297091475,자취생음식편리한끼갈비찜택배먹어본후기!!
874,https://blog.naver.com/shop2930?Redirect=Log&logNo=221297218598,"마켓컬리참여이벤트,마켓컬리추천인shop2930"
875,https://blog.naver.com/shop2930?Redirect=Log&logNo=221297043395,"인테이크귀리우유,모닝귀리로식단조절하기!!"
876,https://blog.naver.com/shop2930?Redirect=Log&logNo=221296570214,모란역힐링카페미스터힐링모란점에서이색데이트
877,https://blog.naver.com/shop2930?Redirect=Log&logNo=221294099799,아침대용주스건강한24인치먹어본후기!!
878,https://blog.naver.com/shop2930?Redirect=Log&logNo=221294113766,수원인계동맛집퍼플도어방문후기!!
879,https://blog.naver.com/shop2930?Redirect=Log&logNo=221293867276,호신용스프레이바디텍트야수스프레이후기
880,https://blog.naver.com/shop2930?Redirect=Log&logNo=221293467212,"곤약쌀사용방법,대신물산알알이곤약미후기"
881,https://blog.naver.com/shop2930?Redirect=Log&logNo=221292433956,깔라만시원액추천자연이안순수깔라만시원액!!
882,https://blog.naver.com/shop2930?Redirect=Log&logNo=221292386287,안국역밥집안녕숯불방문후기!!
883,https://blog.naver.com/shop2930?Redirect=Log&logNo=221291154117,대학로고기집고기대학참차돌방문후기
884,https://blog.naver.com/shop2930?Redirect=Log&logNo=221288487545,"바삭바삭한김스낵,비킷아몬드김후기!!"
885,https://blog.naver.com/shop2930?Redirect=Log&logNo=221290098409,누리보듬송하아기된장으로두부된장조림만들기!!
886,https://blog.naver.com/shop2930?Redirect=Log&logNo=221289457370,양주맛집고읍동백년간장게장!
887,https://blog.naver.com/shop2930?Redirect=Log&logNo=221287797827,성남카페빈티지한카페쿠데타방문후기!!
888,https://blog.naver.com/shop2930?Redirect=Log&logNo=221287714694,대학로이색데이트반지만들기카페커반후기
889,https://blog.naver.com/shop2930?Redirect=Log&logNo=221286970745,핸드폰필름붙이기:닥터쉴드갤럭시s8풀커버필름사용후기
890,https://blog.naver.com/shop2930?Redirect=Log&logNo=221285970743,천연치약로즈오브샤론미라클프레쉬닥터치약사용후기
891,https://blog.naver.com/shop2930?Redirect=Log&logNo=221284663573,다이어트저녁대용칼로바이다밀후기쿠폰공유
892,https://blog.naver.com/shop2930?Redirect=Log&logNo=221284002179,"오뚜기새우볶음밥,불닭철판볶음밥후기"
893,https://blog.naver.com/shop2930?Redirect=Log&logNo=221283081012,"대치동맛집,샐러드맛집스윗밸런스재방문후기!!"
894,https://blog.naver.com/shop2930?Redirect=Log&logNo=221282396223,선릉역아구찜맛집부산활아구방문후기!!
895,https://blog.naver.com/shop2930?Redirect=Log&logNo=221282162225,"마켓컬리추천인,더블적립금,이벤트-shop2930"
896,https://blog.naver.com/shop2930?Redirect=Log&logNo=221280307033,청주율량동명태조림맛집개성집방문후기
897,https://blog.naver.com/shop2930?Redirect=Log&logNo=221279893064,청주사창동마카롱카페미쓰콩방문후기!!
898,https://blog.naver.com/shop2930?Redirect=Log&logNo=221279554291,블로그검색노출이안되는이유와해결방법
899,https://blog.naver.com/shop2930?Redirect=Log&logNo=221278426395,자연의미소깔라만시곤약젤리후기
900,https://blog.naver.com/shop2930?Redirect=Log&logNo=221277791416,마켓컬리추천인shop2930
901,https://blog.naver.com/shop2930?Redirect=Log&logNo=221277269017,습기제거제추천!!셀로몬제올라이트제습제사용후기
902,https://blog.naver.com/shop2930?Redirect=Log&logNo=221276595385,"디뮤지엄weather:오늘,당신의날씨는어떤가요?후기"
903,https://blog.naver.com/shop2930?Redirect=Log&logNo=221275303678,이태원고기집늘푸른가든점심식사후기!!
904,https://blog.naver.com/shop2930?Redirect=Log&logNo=221273261635,(자취요리)고등어간장구이만들기!!
905,https://blog.naver.com/shop2930?Redirect=Log&logNo=221272705154,반조리식품전문점아내의쉐프판교반찬만들어본후기
906,https://blog.naver.com/shop2930?Redirect=Log&logNo=221272384232,삼성역이자카야맛집청담이상후기
907,https://blog.naver.com/shop2930?Redirect=Log&logNo=221270944154,(자취요리)고기없이그냥미역국끓이는법
908,https://blog.naver.com/shop2930?Redirect=Log&logNo=221270839512,수진역디저트카페헤이즐방문후기!!
909,https://blog.naver.com/shop2930?Redirect=Log&logNo=221270025189,선릉역디저트카페달콤한고양이방문후기
910,https://blog.naver.com/shop2930?Redirect=Log&logNo=221269453566,포스코사거리샐러드맛집스윗밸런스강력추천!!
911,https://blog.naver.com/shop2930?Redirect=Log&logNo=221269401718,신논현술집나경이네포차신논현역술집추천!
912,https://blog.naver.com/shop2930?Redirect=Log&logNo=221267417205,서강유업이만기만능멸치육수로김치찌개만들기!!
913,https://blog.naver.com/shop2930?Redirect=Log&logNo=221268076763,사무실정리용품나인딜즈파티션핀클립으로천파티션활용하기
914,https://blog.naver.com/shop2930?Redirect=Log&logNo=221267259252,"마켓컬리추천인,마켓컬리참여이벤트shop2930"
915,https://blog.naver.com/shop2930?Redirect=Log&logNo=221267261702,다이어리형담완전지갑형핸드폰가죽케이스추천!!
916,https://blog.naver.com/shop2930?Redirect=Log&logNo=221266403069,코엑스별마당도서관디저트카페티컵후기
917,https://blog.naver.com/shop2930?Redirect=Log&logNo=221265872046,선릉역맛집피양콩할마니솔직후기
918,https://blog.naver.com/shop2930?Redirect=Log&logNo=221264776586,셀프괄사마사지명지희태극괄사빗후기
919,https://blog.naver.com/shop2930?Redirect=Log&logNo=221264590845,청주금천동소고기맛집소간지방문후기!!
920,https://blog.naver.com/shop2930?Redirect=Log&logNo=221263891671,청주네일아트네일플라워에서받은젤네일후기!
921,https://blog.naver.com/shop2930?Redirect=Log&logNo=221262632936,다이어트커피카페쿱아미노산콜드브루후기
922,https://blog.naver.com/shop2930?Redirect=Log&logNo=221261324283,하겐다즈프로즌요거트스트로베리솔직후기
923,https://blog.naver.com/shop2930?Redirect=Log&logNo=221260463562,수진역애견카페모찌네호캉스방문후기
924,https://blog.naver.com/shop2930?Redirect=Log&logNo=221260137480,서현맛집온더테이블샤이바나방문후기
925,https://blog.naver.com/shop2930?Redirect=Log&logNo=221259415163,(자취요리)팽이버섯덮밥만들기
926,https://blog.naver.com/shop2930?Redirect=Log&logNo=221259332543,"마켓컬리추천인,마켓컬리참여이벤트shop2930"
927,https://blog.naver.com/shop2930?Redirect=Log&logNo=221256870857,아임웰착한두유플레인먹어본후기
928,https://blog.naver.com/shop2930?Redirect=Log&logNo=221255709183,"간단한보양식,장어덮밥만들기"
929,https://blog.naver.com/shop2930?Redirect=Log&logNo=221255136750,청주봉명동카페브루업커피추천!!
930,https://blog.naver.com/shop2930?Redirect=Log&logNo=221254323926,청주봉명동초밥본일식솔직후기
931,https://blog.naver.com/shop2930?Redirect=Log&logNo=221252924754,"비비고불고기비빔밥,낙지비빔밥솔직후기"
932,https://blog.naver.com/shop2930?Redirect=Log&logNo=221252726591,닥터데이즈야수제모크림체험후기
933,https://blog.naver.com/shop2930?Redirect=Log&logNo=221251380039,(도시락요리)참치주먹밥하트모양계란말이
934,https://blog.naver.com/shop2930?Redirect=Log&logNo=221251331710,(도시락요리)마늘콜리플라워볶음토끼모양소시지
935,https://blog.naver.com/shop2930?Redirect=Log&logNo=221250494598,(도시락요리)깻잎쌈밥만들기
936,https://blog.naver.com/shop2930?Redirect=Log&logNo=221248816707,영등포이자카야고메방문후기
937,https://blog.naver.com/shop2930?Redirect=Log&logNo=221247834299,라라스윗녹차아이스크림솔직후기
938,https://blog.naver.com/shop2930?Redirect=Log&logNo=221247200650,마켓컬리추천인shop2930
939,https://blog.naver.com/shop2930?Redirect=Log&logNo=221245648317,"다이소일회용도시락용기종류,가격"
940,https://blog.naver.com/shop2930?Redirect=Log&logNo=221244763574,"(자취요리)일본식계란장조림,아지타마고만들기"
941,https://blog.naver.com/shop2930?Redirect=Log&logNo=221244024449,청주성안길작은식당솔직후기!!
942,https://blog.naver.com/shop2930?Redirect=Log&logNo=221243160232,청주실내데이트VR바이러스추천!
943,https://blog.naver.com/shop2930?Redirect=Log&logNo=221239433225,북촌손만두북촌점방문솔직후기
944,https://blog.naver.com/shop2930?Redirect=Log&logNo=221238636639,청주옷가게엠플레이그라운드방문솔직후기
945,https://blog.naver.com/shop2930?Redirect=Log&logNo=221238262137,인사동맛집북창동순두부방문솔직후기
946,https://blog.naver.com/shop2930?Redirect=Log&logNo=221236950824,AL쇼핑몰오색보리밥후기
947,https://blog.naver.com/shop2930?Redirect=Log&logNo=221233177766,향아전복미역국솔직후기
948,https://blog.naver.com/shop2930?Redirect=Log&logNo=221231475288,나인쉴드의쉴드온갤럭시S8플러스강화유리필름추천
949,https://blog.naver.com/shop2930?Redirect=Log&logNo=221230270709,참한식품만능간장맛내기장으로계란찜만들기
950,https://blog.naver.com/shop2930?Redirect=Log&logNo=221229652515,(자취요리)곤약조림만들기
951,https://blog.naver.com/shop2930?Redirect=Log&logNo=221228112778,(자취요리)시래기고등어조림만들기
952,https://blog.naver.com/shop2930?Redirect=Log&logNo=221227927362,저염식을위한미네랄소금미소47사용후기
953,https://blog.naver.com/shop2930?Redirect=Log&logNo=221227225653,"선릉역스시,일본가정식맛집미카도스시&오미기정후기"
954,https://blog.naver.com/shop2930?Redirect=Log&logNo=221226973949,(자취요리)매생이계란말이만들기!!
955,https://blog.naver.com/shop2930?Redirect=Log&logNo=221225095567,뚜레쥬르햄에그샌드위치솔직후기
956,https://blog.naver.com/shop2930?Redirect=Log&logNo=221222435731,안산중앙역더진국솔직후기
957,https://blog.naver.com/shop2930?Redirect=Log&logNo=221221368750,"히비스커스차추천,먹는방법"
958,https://blog.naver.com/shop2930?Redirect=Log&logNo=221221094563,안산중앙역카페그녀의커피잔솔직후기
959,https://blog.naver.com/shop2930?Redirect=Log&logNo=221220325513,마켓컬리추천인shop2930
960,https://blog.naver.com/shop2930?Redirect=Log&logNo=221220057890,(자취요리)전자렌지로계란찜만들기
961,https://blog.naver.com/shop2930?Redirect=Log&logNo=221218529905,종아리알빼는애플린레그알크림사용후기
962,https://blog.naver.com/shop2930?Redirect=Log&logNo=221216844159,원룸주방공간활용하여정리하기
963,https://blog.naver.com/shop2930?Redirect=Log&logNo=221214885158,(자취요리)오뚜기옛날육개장솔직후기
964,https://blog.naver.com/shop2930?Redirect=Log&logNo=221214752635,"(자취요리)명절남은음식,햇반으로볶음밥만들기"
965,https://blog.naver.com/shop2930?Redirect=Log&logNo=221213071015,청정원후추그라인더솔직후기
966,https://blog.naver.com/shop2930?Redirect=Log&logNo=221212470431,(자취요리)김치참치볶음
967,https://blog.naver.com/shop2930?Redirect=Log&logNo=221211503761,동트는농가된장찌개후기
968,https://blog.naver.com/shop2930?Redirect=Log&logNo=221210491450,"마켓컬리참여이벤트,마켓컬리추천인shop2930"
969,https://blog.naver.com/shop2930?Redirect=Log&logNo=221209463940,(자취요리)팽이버섯전
970,https://blog.naver.com/shop2930?Redirect=Log&logNo=221207349662,(자취요리)간단쏘시지야채볶음김계란말이
971,https://blog.naver.com/shop2930?Redirect=Log&logNo=221206952068,노브랜드구매후기종이호일햇반
972,https://blog.naver.com/shop2930?Redirect=Log&logNo=221207148205,건대훠거맛집마카오도우라오(澳门豆捞)후기
973,https://blog.naver.com/shop2930?Redirect=Log&logNo=221206760179,야탑역파스타맛집아미고쿡방문후기
974,https://blog.naver.com/shop2930?Redirect=Log&logNo=221205694961,아임웰영양담뿍패키지당첨후기
975,https://blog.naver.com/shop2930?Redirect=Log&logNo=221204469437,마켓컬리추천인shop2930
976,https://blog.naver.com/shop2930?Redirect=Log&logNo=221201739067,이동식화분받침대편백나무다용도무빙보드사용후기
977,https://blog.naver.com/shop2930?Redirect=Log&logNo=221199777864,CU씨유기묘한와사비와사비김&녹차밥삼각김밥솔직후기
978,https://blog.naver.com/shop2930?Redirect=Log&logNo=221199391605,"경리단길양말가게,MSMR방문후기"
979,https://blog.naver.com/shop2930?Redirect=Log&logNo=221199255705,"경리단길키덜트샵,미술소품방문후기"
980,https://blog.naver.com/shop2930?Redirect=Log&logNo=221197555538,경리단길카페루경리단방문솔직후기
981,https://blog.naver.com/shop2930?Redirect=Log&logNo=221194845950,경리단길밥집코미치솔직후기
982,https://blog.naver.com/shop2930?Redirect=Log&logNo=221191340656,경복궁역맛집서촌두껍다회선생경복궁횟집솔직후기
983,https://blog.naver.com/shop2930?Redirect=Log&logNo=221183538055,청주미스사이공후기
984,https://blog.naver.com/shop2930?Redirect=Log&logNo=221170527414,청주시내텀브커피후기
985,https://blog.naver.com/shop2930?Redirect=Log&logNo=221166781628,본죽불낙죽쇠고기버섯죽후기
986,https://blog.naver.com/shop2930?Redirect=Log&logNo=221163056758,오뚜기누룽지컵솔직후기
987,https://blog.naver.com/shop2930?Redirect=Log&logNo=221159713585,청주키오키오방문후기
988,https://blog.naver.com/shop2930?Redirect=Log&logNo=221159979589,웜스프링(wormspring)선식솔직후기
989,https://blog.naver.com/shop2930?Redirect=Log&logNo=221157068163,청주셀렉다이닝방문후기
990,https://blog.naver.com/shop2930?Redirect=Log&logNo=221154325394,라인프렌즈카페방문후기
991,https://blog.naver.com/shop2930?Redirect=Log&logNo=221154301131,이태원역라인프렌즈스토어방문후기
992,https://blog.naver.com/shop2930?Redirect=Log&logNo=221154157058,아임웰단호박샐러드콘샐러드솔직후기
993,https://blog.naver.com/shop2930?Redirect=Log&logNo=221152437044,디뮤지엄플라스틱판타스틱관람후기
994,https://blog.naver.com/shop2930?Redirect=Log&logNo=221151279296,이태원야상해소룡보부추만두어향가지후기
995,https://blog.naver.com/shop2930?Redirect=Log&logNo=221149850656,서브웨이로티세리치킨루트비어베지샌드위치후기
996,https://blog.naver.com/shop2930?Redirect=Log&logNo=221147420179,다이소베드테이블사용후기
997,https://blog.naver.com/shop2930?Redirect=Log&logNo=221144268949,아임닭꼬치형소시지솔직후기
998,https://blog.naver.com/shop2930?Redirect=Log&logNo=221142560909,"반숙이,아몬드브리즈오리지널솔직후기"
999,https://blog.naver.com/shop2930?Redirect=Log&logNo=221140781715,청주한옥카페동백당솔직후기
1000,https://blog.naver.com/shop2930?Redirect=Log&logNo=221140297230,청주키핀하와이안치킨후기
1001,https://blog.naver.com/shop2930?Redirect=Log&logNo=221138620379,충북대카페nest257(네스트257)후기
1002,https://blog.naver.com/shop2930?Redirect=Log&logNo=221137841957,충북대샐러드맛집&quot;balance(밸런스)&quot;솔직후기
1003,https://blog.naver.com/shop2930?Redirect=Log&logNo=221132986929,모란역객주이모솔직후기
1004,https://blog.naver.com/shop2930?Redirect=Log&logNo=221132949810,모란역백종원돌배기집솔직후기
1005,https://blog.naver.com/shop2930?Redirect=Log&logNo=221132565104,인테이크모닝죽솔직후기
1006,https://blog.naver.com/shop2930?Redirect=Log&logNo=221131954113,덕수궁다락카페후기
1007,https://blog.naver.com/shop2930?Redirect=Log&logNo=221130742958,서촌로쿠지솔직후기
1008,https://blog.naver.com/shop2930?Redirect=Log&logNo=221130148801,경복궁방문후기(데이터주의)
1009,https://blog.naver.com/shop2930?Redirect=Log&logNo=221126542640,천천히쓰는그동안갔던곳
1010,https://blog.naver.com/shop2930?Redirect=Log&logNo=221122624049,청주카페암브로시안스푼솔직후기
1011,https://blog.naver.com/shop2930?Redirect=Log&logNo=221122467245,홍두꺼비식당솔직후기
1012,https://blog.naver.com/shop2930?Redirect=Log&logNo=221120390762,포토존
1013,https://blog.naver.com/shop2930?Redirect=Log&logNo=221118909789,청주카페그레이맨션솔직후기
1014,https://blog.naver.com/shop2930?Redirect=Log&logNo=221116588841,청주카페사계절솔직후기
1015,https://blog.naver.com/shop2930?Redirect=Log&logNo=221115250069,쭈리엘님이벤트후기)메드라인카마줄렌크림후기
1016,https://blog.naver.com/shop2930?Redirect=Log&logNo=221113853987,청주북문로유니드쉬림프솔직후기
1017,https://blog.naver.com/shop2930?Redirect=Log&logNo=221079302783,스크래치강좌7.알고리즘
1018,https://blog.naver.com/shop2930?Redirect=Log&logNo=221077340710,스크래치강좌6.스프라이트복사와소리
1019,https://blog.naver.com/shop2930?Redirect=Log&logNo=221076991056,스크래치강좌6.스프라이트와동작
1020,https://blog.naver.com/shop2930?Redirect=Log&logNo=221075788582,스크래치강좌5.리스트와연산
1021,https://blog.naver.com/shop2930?Redirect=Log&logNo=221075398102,스크래치강좌4.조건문
1022,https://blog.naver.com/shop2930?Redirect=Log&logNo=221074598135,스크래치강좌3.반복문
1023,https://blog.naver.com/shop2930?Redirect=Log&logNo=221073165406,스크래치강좌3.팬으로그림그리기
1024,https://blog.naver.com/shop2930?Redirect=Log&logNo=221073004145,스크래치강좌2.스크래치와변수
1025,https://blog.naver.com/shop2930?Redirect=Log&logNo=221072953924,스크래치강좌1.scratch설치방법.
1026,https://blog.naver.com/shop2930?Redirect=Log&logNo=220998390029,청주미소식탁후기
1027,https://blog.naver.com/shop2930?Redirect=Log&logNo=220975450527,오젬)스마트폰키보드후기
1028,https://blog.naver.com/shop2930?Redirect=Log&logNo=220887844111,라라랜드노래모음
1029,https://blog.naver.com/shop2930?Redirect=Log&logNo=220748061979,쭈리엘님브릴리에마스크팩당첨후기
1030,https://blog.naver.com/shop2930?Redirect=Log&logNo=220697381267,크리스탈라이트후기
1031,https://blog.naver.com/shop2930?Redirect=Log&logNo=220624617725,한국사능력검정시험1급합격후기&요약정리
1032,https://blog.naver.com/shop2930?Redirect=Log&logNo=220585581051,gs25신동엽떡볶이후기(체다치즈)
