,0
0,jae2653
1,hr2love
2,iso_sr
3,lamoon12
4,83younsuk
5,xogh0147
6,pm0146
7,shin11109
8,coolmikki
9,u_ulla
10,base02014
11,x_x0319
12,starule
13,tncjq5
14,gomzzu
15,hoegod6004
16,sj1229
17,mkr4223
18,jae2ee
19,anue1123
20,sdsd0536
21,sesirlis
22,amoris1105
23,ghddbdk1
24,ddalgi11
25,skqusrudals12
26,dudfla6771
27,bebe9820
28,cm0103
29,shanesemi
30,seven-queen
31,alsmekwyd
32,genesis0821
33,ton53
34,crt4658
35,yacomworld
36,gowjd1223
37,khlee5260
38,weiss2015
39,gng6679
40,05017491
41,hyetaeng
42,sihyukumma14
43,yek867
44,ceoseri
45,threecolor_cat
46,bang_0215
47,wndud8354
48,kafer
49,chpc0313
50,arom0520
51,xingyuner72
52,missj0322
53,fjtn78
54,sdm_bomi
55,jkhn4325
56,hgy6908
57,thxjamie365
58,hwajung319
59,wkdwlgp94
60,caprisome
61,mintnbambi
62,py2389
63,limbomee
64,kindness89
65,11ansgallry
66,hoiyeji48
67,rhdnsnl88
68,xo-elliott
69,annau__u
70,lhk8787
71,jdbri1130
72,youjin62
73,yunkmink
74,penguinnews
75,delightplace
76,ilook2u
77,eunjxx_108
78,pkloveletter
79,midihj
80,orangesirena
81,raraann
82,sufreesia
83,d_hye97
84,zzeeun
85,marilyn1
86,love_yulian
87,daily_something
88,kej727_2
89,bsh9240
90,dbqkffodyd
91,mslink
92,bolgorog
93,ultrajee
94,ys1104ys
95,googys
96,glassr
97,yyumun
98,rain8200
99,kindmiso89
100,ngfriend2002
101,kbearp
102,alfk8195
103,cey1996
104,langlang12
105,whrnjs4225
106,meertd
107,77ended
108,ri_nyy
109,heyji0303
110,changbum2
111,kdseul33
112,songitktk
113,psj0914
114,cyber3578
115,bak0866
116,xuxis2
117,seanbyeol
118,soulmate1983
119,kee5538
120,inhey021
121,heo___j
122,hyey00n
123,vhglglgl
124,thdud261
125,yaimn
126,yibwa0912
127,rlatnals6426
128,bo_angel
129,ksuzy0329
130,ddiamosho
131,disguise_126
132,greathead60
133,odri1998
134,girlhj
135,asstarpine
136,lovmaria
137,wlsdud8607
138,cool7927
139,zasan77
140,lostpola79
141,vov1077
142,sji_eun
143,meruya9876
144,sunju914
145,nagi_729
146,flostars
147,momokko
148,masejin
149,bijoubitna
150,lui14won
151,rudals9703
152,hopuhope
153,lim8419
154,kjtpntn
155,rilrastory
156,seoji11
157,nova007
158,420dussssu
159,nadaumii
160,k_sr0609
161,beautifuller
162,dlffldksk
163,dgnmm123
164,osa3532
165,ringom0201
166,lizela87
167,mkil618
168,rin141206
169,hwp1209
170,jdmkr
171,wjddms0305
172,dmslse11
173,kyureegil
174,oouoo4648
175,kiry_96
176,alway0131
177,uniqueplace_
178,quf4147
179,coco_9301
180,o_ogns07
181,pian_oka
182,lillian1216
183,sophyhoney
184,fbwogus123
185,vyeon_
186,zellove12
187,lhr0905
188,maymay123
189,skyjh0902
190,hyebangee
191,luna0723
192,yelloww613
193,hyukmint
194,purplebora1018
195,aktf0910
196,mg-shin
197,sooyeon1202
198,hosoo881020
199,lsogk70
200,wmelon29
201,codms86
202,ooheeya96
203,dailycindy
204,0525shj
205,chry6295
206,iletaittemps
207,xnaxim
208,dioni_
209,good_coco
210,silpid59
211,syol07
212,clamsh
213,ahah3242
214,ktaru
215,ha5807
216,07min25
217,popopo2013
218,hyghhu
219,sosoo101
220,ssbling
221,amaim30
222,1127ye
223,hongtaigne
224,namjji85
225,hwiba0030
226,april_record
227,xkdidhqk11
228,daaah5
229,amelia421
230,kwonsh0637
231,pure_yeong0
232,lin100
233,janus0618
234,wltn786
235,hyewon_100588
236,aimi0803
237,hellomini486
238,jjanga1919
239,nora_nori
240,ssb84351
241,cyaflower
242,lkjta55
243,miminimkkk
244,xuanwo
245,kies1614
246,sunnybloger
247,rlagmltn2
248,didtks0590
249,babb2011
250,gkwls0320
251,ooza-
252,oboist1123
253,nwjoo98
254,kbr0222
255,seongminlove
256,msunh
257,kkso0503
258,kyakya_4001
259,hwawoorok
260,polaris_yh
261,dnjswns15
262,1223psy
263,rudtj7177
264,jujuyeong
265,tnalalstn
266,happycloud24
267,cuteboy0519
268,tinynova
269,nam59887
270,vividyg
271,vjdud1222
272,takaraa
273,melonheads
274,kimsej88
275,saltsaltsugarsugar
276,ewud09
277,tsslove
278,jechoi98
279,jo_penquin
280,damor1208
281,ellew4902
282,mint_always
283,ue8755
284,ty_hwang
285,delphine0327
286,yu_jin0415
287,njmjjang
288,tjddk742
289,shinegirl05
290,dreamersr12
291,dk1983
292,gkffhzz
293,audtjs1981
294,darksea02
295,alsl720
296,zza344
297,rizotto1
298,justdoitming
299,xkralswo
300,fairyasrai
301,hark739
302,rjy0626
303,jinjunghan_na
304,musicalyoon
305,jieun_0216
306,slow6441
307,bluesoso
308,skawjd1112
309,kiho1030
310,dbrkgus52
311,hbj0128
312,skyfox1011
313,chloeagit
314,o_live_you
315,hyunadoo
316,peach143
317,iamstar_
318,ilov2h5691
319,lovelnr1103
320,leehaksoon
321,shining1984
322,dlahrwl
323,alwayspurelu
324,jidud030512
325,love3550
326,jieun2468jieun
327,yej45864586
328,sulh0203
329,yoong4097
330,s98soon
331,codnjswhddn
332,ksbeen0709
333,ghkdwjddo202
