,Post URL,Post,Image num,sticker num,gif num,Paragraph num,Comment num,Video num,Comment detail
0,https://blog.naver.com/love_yulian?Redirect=Log&logNo=222561170236,"ê°€ë£¨ ì„¸ì œëŠ” ì„¸íƒ í›„ì—ë„ìž”ì—¬ë¬¼ì´ ë‚¨ì„ê¹Œ ê±±ì •ë  ë•Œê°€ ë§Žì•„ìš”..â€‹ê·¸ëž˜ì„œ ìº¡ìŠì„¸ì œë¥¼ ì¢…ì¢… ì‚¬ìš©í•œë‹µë‹ˆë‹¤.â€‹â€‹6ë°° ê³ ë†ì¶•ìœ¼ë¡œ ì„¸íƒë ¥ì€ ê°•í•˜ì§€ë§Œ,ìœ í•´ì„±ë¶„ì´ ì—†ì–´ì„œ ì•ˆì‹¬ë˜ëŠ” í´ë¦°ë°ì´!â€‹â€‹ë¬´ìƒ‰ì†Œ, ë¬´í˜•ê´‘ì¦ë°±ì œí”¼ë¶€ìžê·¹ í…ŒìŠ¤íŠ¸ë„ ì™„ë£Œ!â€‹ì•„ë¬´ëž˜ë„ ê¼¬ë§ˆë‹˜ ì˜·ì„ ì„¸íƒí•˜ë‹¤ë³´ë‹ˆê±´ê°•í•œ ì„¸ì œê°€ ì¤‘ìš”í•´ìš”!â€‹ë“œëŸ¼ / ì¼ë°˜ì„¸íƒê¸° ê²¸ìš©ì´ë¼ì‚¬ìš©ë„ ê°„íŽ¸í•´ìš”!â€‹â€‹ìº¡ìŠ ì„¸ì œëŠ” ì˜ˆë»ì„œ~ì–´ë¦°ì´ ë³´í˜¸í¬ìž¥ì´ ì¤‘ìš”í•´ìš”!ì €ë„ ìžê¾¸ ì³ë‹¤ë³´ê³ ,ë§Œì ¸ë³´ê²Œ ë˜ëŠ”ë°..ì•„ì´ë“¤ ëˆˆì— ë„ë©´,ìœ„í—˜í•˜ìž–ì•„ìš”!â€‹â€‹â€‹ì•¡ìƒ ìƒë¶„í•´ë„ 99% ì´ìƒìœ¼ë¡œì„¸íƒ í›„ì— ìž”ì—¬ë¬¼ì´ ë‚¨ì§€ ì•Šì•„ìš”!â€‹â€‹26ê°€ì§€ ì•ŒëŸ¬ì§€ ìœ ë°œì„±ë¶„ì„ ì œì™¸í•œì•ŒëŸ¬ì§€í”„ë¦¬ ëžë‹ˆë‹¤.â€‹â€‹1íšŒë¶„ ì„¸íƒëŸ‰ì´ ê³„ëŸ‰ë˜ì–´ ìžˆì–´ì„¸íƒë¬¼ ì–‘ì— ë”°ë¼ë‚­ë¹„ì—†ëŠ” ì •ëŸ‰ ì‚¬ìš©!â€‹ê²€ì¦ëœ ìˆ˜ìš©ì„± í•„ë¦„ìœ¼ë¡œë¬¼ì— ì™„ì „ížˆ ë…¹ëŠ” ìº¡ìŠì´ëžë‹ˆë‹¤!â€‹í”¼ë¶€ì—ëŠ” ë¬´í•´í•˜ê³ ì°¬ë¬¼ì—ë„ ìž˜ ë…¹ëŠ” ê²€ì¦ëœ ìº¡ìŠ!â€‹â€‹ìº¡ìŠ ë‘ê°œ íë‹¹íë‹¹ ë„£ì–´ì£¼ê³ ~ê·¹ì„¸ì‚¬ ì´ë¶ˆ ì„¸íƒ ì‹œìž‘í•©ë‹ˆë‹¤~â€‹â€‹ì•„ì´ê°€ ì¢‹ì•„í•˜ëŠ” ê·¹ì„¸ì‚¬ ì´ë¶ˆì´ë¼~ìž˜ ë•Œë„ ë®ê³ ~ê±°ì‹¤ì—ì„œ ë†€ë•ŒëŠ” ë°”ë‹¥ì— ê¹”ê¸°ë„ í•˜ê³ ~ì„¸íƒì„ ìžì£¼ í•´ì¤˜ì•¼ í•´ìš”~â€‹â€‹ê¹¨ë—í•˜ê²Œ ì„¸íƒëœ ì´ë¶ˆ~â€‹ë³„ë„ì˜ ì„¬ìœ ìœ ì—°ì œë¥¼ ë„£ì§€ ì•Šì•„ë„í”Œë¡œëŸ´ í–¥ê¸°ê°€ ì€ì€í•˜ê²Œ~â€‹â€‹ì„¸íƒ í›„ì— ê±´ì¡°ê¸°ë¥¼ ëŒë¦¬ëŠ”ë°,ì •ì „ê¸° ë°©ì§€ ì‹œíŠ¸ë¥¼ ë”°ë¡œ ë„£ì§€ ì•Šì•„ë„ ì •ì „ê¸°ê°€ ë‚˜ì§€ ì•Šë”ë¼êµ¬ìš”~â€‹â€‹í‡´ê·¼í•˜ê³  ëŒì•„ì™€ì„œë„~ìº¡ìŠì„¸ì œ ë„£ê³ ì„¸íƒê¸° ì‹œìž‘í•©ë‹ˆë‹¤~â€‹â€‹ì‚¬ì€í’ˆìœ¼ë¡œ í´ë¦° íˆ¬ í´ë¦° ì†ì†Œë… ê²”ë„ë³´ë‚´ì£¼ì…¨ì–´ìš”~â€‹â€‹ì‚¬ì§„ì„ ì°ê³  ìžˆëŠ”ë°~ê¼¬ë§ˆë‹˜ì´ ì™€ì„œëŠ”..íŒ¨í‚¤ì§€ê°€ ë„˜ ì˜ˆë»ì„œ ê°–ê³  ì‹¶ë‹¤ê³  í•˜ë”ë¼êµ¬ìš”~â€‹í•™êµì— ì˜ˆìœ ì†ì†Œë…ì œ ê°€ì§€ê³  ë‹¤ë‹ˆê³  ì‹¶ë‹¤ê³ ,ìžê¸° ì£¼ë¼ê³  í•˜ë„¤ìš”~â€‹â€‹ì—¬ìž ì¹œêµ¬ë“¤ì€í•™êµì—ì„œ ì˜ˆìœ ì†ì†Œë…ì œ ê°€ì§€ê³  ë‹¤ë‹ˆë©´ì„œì„œë¡œ í•œë²ˆì”© ëŒì•„ê°€ë©´ì„œ ì“°ê³  í•œë°ìš”.. ã…Žã…Žã…Žâ€‹ê·€ì—½ê¸°ë„ í•˜ê³ ,ì½”ë¡œë‚˜ ë•Œë¬¸ì— ì‚´ì§ ì•ˆì“°ëŸ½ê¸°ë„ í•˜ì§€ë§Œ,ì•„ì´ë“¤ì´ ì†ì†Œë…ì œë¥¼ ìž˜ ì±™ê¸°ëŠ” ê²ƒì€ì¹­ì°¬í•˜ê³  ì‹¶ë„¤ìš”~â€‹ì˜ˆìœ íŒ¨í‚¤ì§€ì˜ ì†ì†Œë…ì œ ë³´ë‚´ì£¼ì…”ì„œ ê°ì‚¬í•´ìš”!â€‹ì§€ë‚œë²ˆ ë§ˆìŠ¤í¬ë„ í˜‘ì°¬ ë°›ì•„ ì‚¬ìš©í•œ í›„ì—ì§‘ì— ìžˆëŠ” ë§ˆìŠ¤í¬ë¥¼ ë‹¤ ì‚¬ìš©í•´ì„œ,ë‚´ëˆë‚´ì‚°ìœ¼ë¡œ êµ¬ìž…í–ˆì—ˆëŠ”ë°..â€‹ìš”ë²ˆ ìº¡ìŠì„¸ì œë„ ìž˜~ ì‚¬ìš© í•œ í›„ì—,ë‹¤ ì“°ë©´, ë‚´ëˆë‚´ì‚°ìœ¼ë¡œ êµ¬ìž…í• ê»˜ìš”!â€‹â€‹ì„ ë¬¼ìš© íŒ¨í‚¤ì§€ë„ ìž˜ ë˜ì–´ ìžˆì–´ì„œ~ì§‘ë“¤ì´ ì„ ë¬¼ë¡œë„ ì¢‹ì€ ê±° ê°™ì•„ìš”~â€‹ê¼­ ì§‘ë“¤ì´ê°€ ì•„ë‹ˆë”ë¼ë„,ì €ëŠ” ì˜¤ëž«ë§Œì— ì¹œêµ¬ë¥¼ ë§Œë‚˜ê±°ë‚˜ í•˜ë©´,ì¢…ì¢… ìž‘ì€ ì„ ë¬¼ì„ í•˜ê³¤í•˜ëŠ”ë°..ê¸°ë…ì¼ ì„ ë¬¼ì´ ì•„ë‹Œ ê²½ìš°ì—ëŠ”ì´ëŸ° ì‹¤ìš©ì ì¸ ì„ ë¬¼ì´ ì¢‹ìž–ì•„ìš”!â€‹ì‹¤ìš©ì ì¸ ì‚¬ìš©ìœ¼ë¡œ ë‚´ê°€ ì“°ê¸°!ì¹œêµ¬ì—ê²Œ ì†Œì†Œí•˜ê²Œ ì„ ë¬¼í•˜ê¸°!!â€‹ì´ë ˆê°•ë™ í´ë¦°ë°ì´ ìº¡ìŠì„¸ì œ í™œìš©í•´ë³´ì„¸ìš”~  *^^*â€‹â€‹ì œí’ˆì„ ë¬´ìƒìœ¼ë¡œ ì œê³µë°›ì•„ ì‹¤ì œ ì‚¬ìš© í›„,ì†”ì§í•˜ê²Œ ìž‘ì„±í•œ ë¦¬ë·°ìž…ë‹ˆë‹¤.",23,0,3,207,7,3,"['ì„¸ì œ ì¤‘ìš”í•˜ì£ ! ã…Žã…Žì €í¬ì¡° í”Œë¡œëž„í–¥ ë‚˜ëŠ”ê±°ë¡œ ì“°ê³  ìžˆëŠ”ë° ì´ê²ƒë„ ê¶ê¸ˆí•˜ë„¤ìš” ã…Žã…Ž', 'ì„¸ì œë„ ëª¸ì— ë‹¿ëŠ”ê±°ë‹ˆ ìž˜ ì¨ì•¼í•´ìš”', 'ë„ˆë¬´ë‚˜ë„ ì¢‹ì€ ì œí’ˆì¸ê±°ê°™ì•„ìš” ã…Žã…Ž', 'í–¥ë„ì¢‹ê³  ì •ì „ê¸°ë„ ì•ˆë‚˜ìš”~~â™¡', 'ìœ¨ë¦¬ì•ˆë‹˜ ë‹¤ìŒ í¬ìŠ¤íŠ¸ê°€ ê¶ê¸ˆí•©ë‹ˆë‹¤ :)', 'ì˜¤í™“!ë“œëŸ¼ì—ë„ ê·¸ëƒ¥ ë„£ì–´ì„œ ì“°ë©´ ë˜ë‚˜ìš”?ìº¡ìŠì„¸ì œ ëŠ˜ ì“°ê³  ì‹¶ì—ˆëŠ”ë°.!!!', 'ì˜¤! ë„˜ íŽ¸í•´ë³´ì—¬ìš”^^']"
1,https://blog.naver.com/love_yulian?Redirect=Log&logNo=222121787018,"#1ë°•2ì¼ì œì£¼ë„ ì¶œìž¥ì´ ìž¡í˜”ì–´ìš”!â€‹ì§ ê°€ë°©ì„ ì‹¸ë©´ì„œ, ì—¬í–‰ìš© íŒŒìš°ì¹˜ ê³µê°œí•©ë‹ˆë‹¤~â€‹í•œë™ì•ˆ ì—¬í–‰ ë§Žì´ ë‹¤ë‹ ë•ŒëŠ” ì—¬í–‰ìš© ìƒ˜í”Œì´ ëª¨ìžë¼ì„œì—¬í–‰ìš© í‚¤íŠ¸ë¥¼ êµ¬ìž…í•˜ê¸°ë„ í–ˆëŠ”ë°,ìš”ì¦˜ì€ ì½”ë¡œë‚˜ ë•Œë¬¸ì— ì–´ë”œ ëª» ê°”ë”ë‹ˆìƒ˜í”Œì´ ë„˜ì³ë‚˜ë„¤ìš” ã… ã… â€‹â€‹â€‹ë¨¼ì € ì „ì²´ìƒ·!ìœ— ì¤„ì€ 1ë°• ì €ë…ì— ì‚¬ìš©í•  ê²ƒë“¤ë‘˜ì§¸ì¤„ì€ ì²«ë‚  ì €ë…ì—ë„ ì‚¬ìš©í•˜ê³ ì•„ì¹¨ì—ë„ ì‚¬ìš©í•  ê²ƒë“¤ì…‹ì§¸ì¤„ì€ ë‘˜ì§¸ë‚  ì•„ì¹¨ì— ì‚¬ìš©í•  ê²ƒë“¤â€‹â€‹#ì„¤í™”ìˆ˜#ì„¤í™”ìˆ˜ìˆœí–‰í´ë Œì§•ì˜¤ì¼#ì„¤í™”ìˆ˜ìˆœí–‰í´ë Œì§•í¼#ì„¤í™”ìˆ˜ë°©íŒ#ì„¤í™”ìˆ˜ì»¨ì„¤í„´íŠ¸â€‹ì „ì— ë°©íŒìœ¼ë¡œ ì„¤í™”ìˆ˜ êµ¬ìž…í•˜ê³  ìƒ˜í”Œ ì—„ì²­ ë°›ì€ê²ƒ ì¤‘ëª‡ê°œ ë‚¨ì•„ìžˆëŠ” ì•„ì´ë“¤~ë°ë ¤ê°‘ë‹ˆë‹¤~â€‹#ìˆœí–‰í´ë Œì§•ì˜¤ì¼ ì€ ì¡°ë§Œê°„ êµ¬ìž…í•  ì˜ˆì •ì´ì—ìš”~â€‹â€‹ì œê°€ ì• ì •í•˜ëŠ” #ë§¥ìŠ¤í´ë¦¬ë‹‰í´ë Œì§•ì˜¤ì¼ í˜¹ì‹œ ëª°ë¼ ì—¬ë¶„ìœ¼ë¡œ í•˜ë‚˜ ë” ê°€ì ¸ê°‘ë‹ˆë‹¤!â€‹ìµœê·¼ì— ë°›ì€ #ì•„ì´ë´ë¹„í”„ë¡œí´ë¦¬ìŠ¤ìƒ´í‘¸ë„ˆë¬´ ì¢‹ì•„ìš”!â€‹í˜¸í…”ì— ì–´ë§¤ë„ˆí‹°ê°€ ì•ˆ ë§žëŠ” ê²½ìš°ë„ ë§Žì•„ì„œì €ëŠ” ë‹¤ ì±™ê²¨ê°€ëŠ” íŽ¸ì´ì—ìš”.. ì§ìˆœì´ì£ ..ã…‹ã…‹ã…‹â€‹#ë¯¸ìŸì„¼íŠ¸ë¦¬íŠ¸ë¨¼íŠ¸ ë„ ìžˆì–´ì„œ í•˜ë‚˜ ì±™ê²¨ê°‘ë‹ˆë‹¤íŠ¸ë¦¬íŠ¸ë¨¼íŠ¸ëŠ” ë§¤ì¼ í•˜ì§„ ì•Šì•„ì„œ,ì•ˆ ì“¸ ê°€ëŠ¥ì„±ì´ ë†’ê¸´ í•œë°,í˜¹ì‹œ.... í•´ì„œ ë„£ì–´ë’€ëŠ”ë°,  (ì§ìˆœì´~)ã…‹ã…‹ã…‹ê°€ê¸° ì „ ë‚  ëº„ ìˆ˜ë„ ìžˆì–´ìš”...â€‹ëª‡ì¼ì „ì— êµ¬ìž…í•œ #ë”ë§ˆë¹„ë°”ë””ë¡œì…˜ ë°ë ¤ê°‘ë‹ˆë‹¤~â€‹â€‹#ë”ë§ˆë¹„ #ë°”ë””ë¡œì…˜ #ì˜¬ë¦¬ë¸Œì˜ #ê¸°íšìƒí’ˆâ€‹â€‹ì•„ì¹¨ ì €ë…ìœ¼ë¡œ ì‚¬ìš©í•  #ì—ì„¼í—ˆë¸Œí† ë„ˆíŒ¨ë“œì—¬ë“œë¦„ì— ì¢‹ì€ í‹°íŠ¸ë¦¬ í† ë„ˆ êµ¬ìž…í•˜ë©´ì„œì‚¬ì€í’ˆìœ¼ë¡œ ë°›ì€ í† ë„ˆíŒ¨ë“œìš”ë ‡ê²Œ í™œìš©í•˜ë‹ˆ ë„˜ ì¢‹ì£ ~â€‹â€‹ë©´ì„¸ì ì—ì„œ ì„¤í™”ìˆ˜ êµ¬ìž…í•˜ê³  ë°›ì€ ë¯¸ë‹ˆ2ì¢… ìƒ˜í”Œì„¤í™”ìˆ˜ëŠ” ë©´ì„¸ì  êµ¬ìž…ì´ ì´ë“ì¸ë°!ìš”ì¦˜ ë©´ì„¸ì ì„ ëª» ê°€ì„œ ë„ˆë¬´ ì•„ì‰¬ì›Œìš” ã… ã… â€‹#ë”ìƒ˜ë”ë§ˆí”Œëžœ í¬ë¦¼~ìš”ê±°ë„ ë¨¼ê°€ ì‚¬ì€í’ˆìœ¼ë¡œ ë°›ì€ê±´ë°,ë³¸í’ˆ í¬ë¦¼ë„ ì‚¬ì€í’ˆìœ¼ë¡œ ë°›ì•„ì„œì—„ì²­ ìž˜ ì¼ì–´ìš”~ê°€ê²©ë„ ì €ë ´í•˜ê³  ì œí’ˆë„ ì¢‹ì•„ì„œ~ë‚´ ëˆ ì£¼ê³ ë„ ì‚¬ê³ ì‹¶ì—ˆë˜ ì œí’ˆ!ê·¼ë° ì§‘ì— í¬ë¦¼ì´ ë§Žì•„ì„œ ì‚¬ì§„ ì•Šì•˜ì§€ë§Œë”ìƒ˜ êµ¬ê²½ê°ˆ ë•Œë§ˆë‹¤ ê¸°ë¶„ ì¢‹ê²Œ ë°”ë¼ë³´ëŠ” ì œí’ˆì´ì—ìš”~â€‹â€‹#ì•„ìœ¤ì±„ë‚˜ì´íŠ¸í¬ë¦¼#ì•„ìœ¤ì±„í—¤ì–´í¬ë¦¼#ì•„ìœ¤ì±„ì‹œí¬ë¦¿ë‚˜ì´íŠ¸í¬ë¦¼â€‹ë¯¿ê³  ì“°ëŠ” ì•„ìœ¤ì±„!ì•„ìœ¤ì±„ë„ ë©´ì„¸ì—ì„œ ì‚¬ì¤˜ì•¼ í•˜ëŠ”ë° ì•„ì‰½ë„¤ìš” ã… ã… â€‹ìµœê·¼ì— #ì•„ìœ¤ì±„í—¤ì–´ë¯¸ìŠ¤íŠ¸ ìƒˆë¡œ êµ¬ìž…í–ˆëŠ”ë°,ê·¸ê±°ë„ í¬ìŠ¤íŒ… í•´ì•¼í•˜ëŠ”ë° ã…‹ã…‹ã…‹â€‹#ì•„ìœ¤ì±„ì—ì„¼ìŠ¤ë¯¸ìŠ¤íŠ¸â€‹ìš”ì¦˜ ê´‘ê³  ë§Žì´ ë‚˜ì˜¤ëŠ” #ì œì´ìˆ²í—¤ì–´ë¯¸ìŠ¤íŠ¸ ëž‘ ê³ ë¯¼í•˜ë‹¤ê°€#ì œì´ìˆ²ì›Œí„°íŒ© ì„ ì•ˆ ì¨ë´ì„œì•„ìœ¤ì±„ êµ¬ìž…í–ˆëŠ”ë°,ë‚˜ì¤‘ì— #ì˜¬ë¦¬ë¸Œì˜ ì—ì„œ #ì œì´ìˆ²í—¤ì–´ì˜¤ì¼ ì¨ë³´ê³  ë°˜í–ˆì–´ìš” ã…‹ã…‹ã…‹ë‹´ì— ê·¸ê±° ì‚¬ë ¤êµ¬ìš”!â€‹â€‹#ì„¤í™”ìˆ˜CCìœ ì•¡ë°©íŒì¹´ìš´ì…€ëŸ¬ê»˜ì„œ ë³´ë‚´ì£¼ì‹  ìƒ˜í”Œ ì¨ë³´ê³ ë„ˆë¬´ ì¢‹ì•„ì„œ êµ¬ìž…ë„ í–ˆì—ˆì–´ìš”~â€‹#ì„¤í™”ìˆ˜â€‹â€‹ìš”ì¦˜ì€ ë§ˆìŠ¤í¬ ë•Œë¬¸ì— íŠ¸ìœˆì¼€ì´í¬ë§Œ ì‚´ì§ ë§ˆë¥´ëŠ” íŽ¸ì¸ë°,í˜¹ì‹œ ëª°ë¼ì„œ ìƒ˜í”Œ í•˜ë‚˜ ì±™ê²¨ê°‘ë‹ˆë‹¤~ (ì§ìˆœì´ ã…‹ã…‹ã…‹)â€‹â€‹í”¼ë¶€ ê±´ì¡°ê°€ ì‹¬í•´ì„œí•¸ë“œë¡œì…˜ì€ ê¼­ê¼­ ê°€ì§€ê³  ë‹¤ë…€ì•¼ ë˜ìš”!ë”ìƒ˜ì—ì„œ ë©´ì„¸ì ì—ì„œ ì—„ì²­ ì €ë ´í•˜ê²Œ ì™•~~~ì°½ ì‚¬ì˜¨ í•¸ë“œë¡œì…˜ í•˜ë‚˜ ë„£ì–´ì¤ë‹ˆë‹¤!â€‹â€‹#ì„¤í™”ìˆ˜íŠ¸ìœˆì¼€ì´í¬#ì„¤í™”ìˆ˜ì˜ˆì„œíŠ¸ìœˆì¼€ì´í¬â€‹íŠ¸ìœˆì¼€ì´í¬ ë„£ì–´ì¤ë‹ˆë‹¤â€‹â€‹1ë°•2ì¼ ê°€ëŠ”ë°, ìƒˆ í•¸ë“œë¡œì…˜ ë¬´ê±°ì›Œì„œ (ã…‹ã…‹ã…‹ ì—°ì•½í•œ ì—¬ìž..... ì»¨ì…‰ì´ë¼ì„œìš”)ì‚¬ë¬´ì‹¤ì—ì„œ ì“°ë˜ ì¡°ê¸ˆ ë‚¨ì€ í•¸ë“œë¡œì…˜ìœ¼ë¡œ ê°€ì ¸ê°‘ë‹ˆë‹¤~â€‹â€‹â€‹ì–´ë©”ë„ˆí‹°ê°€ ìžˆì–´ë„ ìƒ´í‘¸ëŠ” ê¼­ ì±™ê²¨ê°€ìš”ìƒ´í‘¸ê°€ ì•ˆ ë§žëŠ” ê²½ìš°ë„ ë§Žì•˜ê±°ë“ ìš”#ì•„ì´ë´ë¹„ìƒ´í‘¸ #ì„¤í™”ìˆ˜í´ë Œì§•ì˜¤ì¼ #ì„¤í™”ìˆ˜í´ë Œì§•í¼ì‚¬ìš©ì¤‘!â€‹â€‹ì—ì„¼í—ˆë¸Œ #í† ë„ˆíŒ¨ë“œ ì‚¬ìš©ì¤‘íŒ¨ë“œ ì— ë³´ì‹±ì´ ì¢‹ë„¤ìš”í”¼ë¶€ìžê·¹ë„ ì—†êµ¬ìš”â€‹â€‹ë°”ë””ë¡œì…˜ ë¯¸ë‹ˆë„ ê°œë´‰!â€‹â€‹â€‹ë¹¨ë¦¬ ì½”ë¡œë‚˜ ëë‚˜ì„œ ì—¬í–‰ ë‹¤ë‹ˆê³  ì‹¶ë„¤ìš”ã… ã… ",19,0,0,251,11,0,"['ìžì„¸í•œ ë¦¬ë·° ã… ã… ã… ã… ì§„ì§œ ì½”ë¡œë‚˜ ì–¸ì œëë‚˜ë‚˜ìš”', 'ë‚´ë…„ê¹Œì§€ëŠ” ê°€ê² ì£ ã… ã… ë„ˆë¬´ìŠ¬í”„ë„¤ìš”ã… ã… ìœ¼ë„¤ê¾¸ë‹˜ í•­ìƒ ê±´ê°• ì±™ê¸°ì„¸ìš”~~â™¡', 'ì¢‹ì€ì •ë³´ ìž˜ë³´ê³ ê°‘ë‹ˆë‹¤ ë‚ ì”¨ê°€ ì¼êµì°¨ê°€ ì‹¬í•˜ë„¤ìš”ì´ëŸ´ìˆ˜ë¡ ê±´ê°• ì¡°ì‹¬í•˜ì‹œêµ¬ìš”í–‰ë³µí•œí•˜ë£¨ë˜ì„¸ìš”', 'ê°ì‚¬í•©ë‹ˆë‹¤~', 'í¬ìŠ¤íŒ… ìž˜ ë³´ê³  ê°‘ë‹ˆë‹¤ã…‹', 'ê°ì‚¬í•©ë‹ˆë‹¤~~~', 'ìƒ˜í”Œë¡œ êµ¬ì„±í•´ì„œ ë„ˆë¬´ë‚˜ë„ ì•Œëœ°í•˜ê²Œ ì“°ì…¨ë„¤ìš©....ðŸ’•', 'ìš”ëŸ° ìƒ˜í”Œë“¤ ìž˜ ëª¨ì•„ë’€ë‹¤ê°€ ì—¬í–‰ê°€ì„œ ì“°ë©´ ì§ë„ ì¤„ì´ê³  ì‚¬ìš©í•˜ê³  ë²„ë¦¬ê³  ì˜¤ê³  í•˜ê¸° ë„ˆë¬´ ì¢‹ì€ê±° ê°™ì•„ìš” ã…‹ã…‹ã…‹ã…‹ì™ ì§€ ë¿Œë“¯í•˜ì§€ ì•Šì•„ìš©~~??ã…‹ã…‹', 'ìƒ˜í”Œë“¤ ì§„ì§œ ì¶œìž¥ê°ˆë•Œ ê¿€í…œì´ì ¸ ã…Ž ì €ë„ ë°›ëŠ”ê±´ ì£„ë‹¤ ëª¨ì•„ë†”ìš”~! í‚¤íŠ¸ ê°™ì€ê±° ë¬´ë£Œì²´í—˜ í•œë‹¤í•˜ë©´ ë‹¤ ì‹ ì²­í•˜êµ¬ì—¬ ã…‹', 'ìž˜ ë³´ê³  ê°‘ë‹ˆë‹¹! ìƒ˜í”Œì˜ ì§„ê°€ë¥¼ ë°œíœ˜í–ˆë„¤ìš©!!^^']"
2,https://blog.naver.com/love_yulian?Redirect=Log&logNo=222102853064,"ìš”ì¦˜ ì´ì   ë§ˆìŠ¤í¬ëŠ” í•„ìˆ˜ì£ !ê·¸ëŸ°ë° ì¢…ë¥˜ê°€ ë§Žì•„ìš”!ì–´ë–¤ ê±° ì“°ì‹œë‚˜ìš”?â€‹â€‹ì €ëŠ” ì½”ë¡œë‚˜ ì´ˆë°˜ì—ëŠ” KF94ì™€ KF80ì„ ì‚¬ìš©í–ˆëŠ”ë°,ì§€í•˜ì² ë¡œ ë‹¤ë‹ˆë‹¤ ë³´ë‹ˆìˆ¨ì‰¬ê¸°ê°€ ë„ˆë¬´ íž˜ë“¤ì–´ì„œKF80ì„ ì£¼ë¡œ ì‚¬ìš©í–ˆì–´ìš”~â€‹â€‹ì—¬ë¦„ì´ ë˜ë©´ì„œëŠ” ì ì  ë„ˆë¬´ ë¥ê³ ì´ì§ì„ í•˜ë©´ì„œ ê´‘ì—­ë²„ìŠ¤ë¥¼ íƒ€ê³  ì¶œí‡´ê·¼ì„ í•˜ëŠ”ë°KF80ë„ ìˆ¨ì‰¬ê¸°ê°€ ë„ˆë¬´ íž˜ë“¤ë”ë¼êµ¬ìš” ã… ã… â€‹â€‹ìˆ¨ì‰¬ê¸°íŽ¸í•œë§ˆìŠ¤í¬ë¥¼ ì°¾ë‹¤ ë³´ë‹ˆì¼íšŒìš© ë§ˆìŠ¤í¬ë´íƒˆ ë§ˆìŠ¤í¬ë¥¼ ì‚¬ìš©í•˜ê²Œ ë˜ì—ˆëŠ”ë°ì•„ë¬´ëž˜ë„ ì•½ê°„ ë¶ˆì•ˆí•¨ ë§ˆìŒì´ ìžˆìž–ì•„ìš”â€‹â€‹ìˆ¨ì‰¬ê¸°íŽ¸í•œë§ˆìŠ¤í¬ì§€ë§Œ,3ì¤‘ ê³ ê¸‰ í•„í„° ì ìš©ìœ¼ë¡œ ì°¨ë‹¨ë ¥ì€ ë†’ì€ ë¹„ë§ì°¨ë‹¨ë§ˆìŠ¤í¬ë©”ë””ì—  ì¼íšŒìš© ë§ˆìŠ¤í¬ë¥¼ ì°¾ì•„ëƒˆë‹µë‹ˆë‹¤!â€‹ë©”ë””ì— ë§ˆìŠ¤í¬ ë¹„ë§ì°¨ë‹¨ë§ˆìŠ¤í¬ëŠ”100% êµ­ë‚´ì‚° ì›ìž¬ë£Œë¥¼ ì‚¬ìš©í•´ìš”!ì¤‘êµ­ì‚° ì €ê°€ ì›ë‹¨ì„ ì‚¬ìš©í•˜ê±°ë‚˜ì¤‘êµ­ì—ì„œ ìˆ˜ìž…í•œ ë§ˆìŠ¤í¬ëŠ”ì•„ë¬´ëž˜ë„ ë¶ˆì•ˆí•˜ìž–ì•„ìš” ã… ã… â€‹í•„í„°ë¶€í„° ë§ˆìŠ¤í¬ ëˆê¹Œì§€ ëª¨ë‘!êµ­ë‚´ ì›ë‹¨ìœ¼ë¡œ êµ­ë‚´ì—ì„œ ìƒì‚°í•œ ë©œíŠ¸ë¸”ë¡œìš´ë§ˆìŠ¤í¬ì—ìš”!â€‹â€‹3ì¤‘ ê³ ê¸‰ í•„í„° ë©œíŠ¸ë¸”ë¡œìš´ë§ˆìŠ¤í¬!êµ­ì‚° ë©œíŠ¸ë¸”ë¡œìš´ MB í•„í„° ì‚¬ìš©ìœ¼ë¡œê³µê¸° ì¤‘ì˜ ìž…ìžê¹Œì§€ íš¨ê³¼ì ìœ¼ë¡œ ì°¨ë‹¨í•˜ê³ ë¹„ë§ì°¨ë‹¨íš¨ê³¼ë„ ì™„ë²½í•˜ê³ í†µê¸°ì„±ì€ ìœ ì§€í•´ ì£¼ì–´ ì•ˆì „í•´ìš”!â€‹ì´ˆê·¹ì„¸ì‚¬ ì¡°ì§ì—ì„œ ë°œìƒí•˜ëŠ” ì •ì „ê¸°ë¡œë¯¸ì„¸ìž…ìžë¥¼ ì°¨ë‹¨í•˜ëŠ” ì²¨ë‹¨ ê³ íš¨ìœ¨ í•„í„° ì‚¬ìš©ìœ¼ë¡œê· ì„ íš¨ê³¼ì ìœ¼ë¡œ ë°©ì§€í•˜ê³ ìˆ¨ì‰¬ê¸° íŽ¸í•œ í†µê¸°ì„±ìœ¼ë¡œê°€ë³ê³  íŽ¸ì•ˆí•¨ê¹Œì§€!â€‹â€‹ë©”ë””ì— ë§ˆìŠ¤í¬ì—ì„œëŠ” ìŠ¬ê¸°ë¡œìš´ ìŠ¤ë§ˆíŠ¸ ì»¨ìŠˆë¨¸ë¥¼ ìœ„í•œì´ë²¤íŠ¸ë¥¼ í•˜ê³  ìžˆì–´ìš”!ì´ì–´ê°€ë“œ 2ìŒê³¼ ë§ˆìŠ¤í¬ íŒŒìš°ì¹˜ê¹Œì§€ ì¦ì • í–‰ì‚¬ ì¤‘ì´ì—ìš”!â€‹â€‹ë§ˆìŠ¤í¬ ëˆì´ ë–¨ì–´ì§€ê±°ë‚˜ì˜ˆìƒì¹˜ ëª»í•œ ë§ˆìŠ¤í¬ ì˜¤ì—¼ì´ ìƒê¸¸ ìˆ˜ ìžˆì–´ì„œí•­ìƒ ì—¬ë¶„ì˜ ë§ˆìŠ¤í¬ë¥¼ 1~2ìž¥ ê°€ì§€ê³  ë‹¤ë…€ìš”~â€‹1ìž¥ì”© ë³„ë„ í¬ìž¥ëœ ë§ˆìŠ¤í¬ë¥¼ ê°€ì§€ê³  ë‹¤ë‹ˆê¸°ë„ í•˜ì§€ë§Œ,ê°€ê²©ì ì¸ ë¬¸ì œë¡œì§€í¼ë°±ì— ì—¬ëŸ¬ ìž¥ì”© ë„£ì–´ì„œ ê°€ë°©ì— ê°€ì§€ê³  ë‹¤ë‹ˆê¸°ë„ í•´ìš”~â€‹â€‹ë³´ë‚´ì£¼ì‹  ë§ˆìŠ¤í¬ ë³´ê´€ íŒŒìš°ì¹˜ëŠ”ì•ˆí‹° ë°•í…Œë¦¬ì•„ ë§ˆìŠ¤í¬ íŒŒìš°ì¹˜ì—ìš”!í•­ê· ì„±ì´ ë›°ì–´ë‚œ êµ¬ë¦¬(copper) ì†Œìž¬ ì›ë‹¨ í•¨ìœ ë¡œëŒ€ìž¥ê· , í™©ìƒ‰ í¬ë„ìƒ êµ¬ê· , íë ´ê· ì„99.9% í•­ê·  í•  ìˆ˜ ìžˆë°ìš”!â€‹â€‹êµ¬ë¦¬ í•¨ìœ  ì¹œí™˜ê²½ í•­ê· ë™ PVC í•„ë¦„ìœ¼ë¡œ ë§Œë“¤ì–´ì ¸í•­ê·  íš¨ê³¼ê°€ ìžˆì–´ìš”!ìš”ì¦˜ì€ ì½”ë¡œë‚˜ ë•Œë¬¸ì— í•­ê· ì´ ìµœê³ ì£ !â€‹â€‹ë§ˆìŠ¤í¬ë³´ê´€íŒŒìš°ì¹˜ë¥¼ì„¸ì²™í•˜ì—¬ ì‚¬ìš©í•  ìˆ˜ë„ ìžˆë‹¤ê³  í•˜ë‹ˆë„ˆë¬´ ê²½ì œì ì´ë„¤ìš”!ì„¸ì²™ í›„ ì™„ì „ížˆ ê±´ì¡°í•˜ì—¬ ì‚¬ìš©í•´ì•¼ í•˜ê³ ìš”~ ê¶Œìž¥ ì‚¬ìš©ê¸°ê°„ì€ 3ê°œì›”ì´ì—ìš”~â€‹â€‹ì €ì²˜ëŸ¼ ë§ˆìŠ¤í¬íŒŒìš°ì¹˜ë¥¼ë¹„ìƒìš© ë§ˆìŠ¤í¬ ë³´ê´€ìš©ìœ¼ë¡œ ì‚¬ìš©í•˜ì…”ë„ ë˜ê³ ~â€‹ì‹ë‹¹ì—ì„œ ìž ì‹œ ë§ˆìŠ¤í¬ ë²—ì–´ë‘˜ ë•Œì‚¬ìš©í•˜ê¸°ì—ë„ íŽ¸ë¦¬í•˜ë„¤ìš”~â€‹â€‹ì´ì–´ê°€ë“œë„ 2ìŒì´ë‚˜ ë³´ë‚´ì£¼ì…¨ëŠ”ë°ì‚¬ì‹¤ í˜¹ì‹œ~ í•˜ëŠ” ë§ˆìŒì— ê°€ë°©ì— ë„£ì–´ì™”ì§€ë§Œí•œ ë²ˆë„ ì‚¬ìš©ì€ ì•ˆ í–ˆì–´ìš” ã…Žã…Žë§ˆìŠ¤í¬ê°€ ê·€ ë¶€ë¶„ë„ ì•ˆ ì•„íŒŒì„œì“¸ ì¼ì´ ì•„ì§ì€ ì—†ì—ˆì–´ìš”~â€‹ì „ì— ë‹¤ë¥¸ ë§ˆìŠ¤í¬ëŠ” ê·€ ë’¤ê°€ ë„ˆë¬´ ì•„íŒŒì„œë°”ì…€ë¦°ì´ë‚˜ ë¡œì…˜ì„ ë°”ë¥´ê±°ë‚˜ì¸í„°ë„·ì— ë³´ë‹ˆ ì–´ë–¤ ë¶„ì€ì»¤í”¼ ìƒìž ì†ìž¡ì´ë¥¼ ë¼ìš°ëŠ” ë¶„ë„ ìžˆë˜ë° ã…‹ã…‹ã…‹â€‹ì €ëŠ” ê´œì°®ìœ¼ë‹ˆì´ì–´ê°€ë“œëŠ” ì•„ì´ê°€ ì“°ê²Œ í•´ì•¼ê² ì–´ìš”~â€‹ìˆ¨ì‰¬ê¸° ì‰¬ìš´ ë¹„ë§ì°¨ë‹¨ë§ˆìŠ¤í¬ë¼~ê´‘ì—­ë²„ìŠ¤ ì•ˆì—ì„œë„ ìˆ¨ì‰¬ê¸° íŽ¸í•˜êµ¬ìš”~â€‹ê³„ë‹¨ ì˜¬ë¼ê°€ë„ ìˆ¨ì°¨ì§€ ì•Šì•„ìš”!â€‹ì ‘ì´ì‹ êµ¬ì¡°ì„¤ê³„ë¡œë°€ì°©ë ¥ë„ ì¢‹ê³ ê¹€ ì„œë¦¼ ë°©ì§€ ê¸°ëŠ¥ì„± ì§€ì§€ëŒ€ë¡œì„ ê¸€ë¼ìŠ¤ì— ê¹€ì´ ì„œë¦¬ ì§€ë„ ì•Šì•„ìš”!â€‹ìš”ì¦˜ ê°€ì„ í–‡ë³• ëˆˆë¶€ì…”ì„œì„ ê¸€ë¼ìŠ¤ë¥¼ ì¶œí‡´ê·¼ ì‹œ ì´ìš©í•˜ëŠ”ë°ê¹€ ì„œë¦¬ë©´ ë„ˆë¬´ ë¶ˆíŽ¸í•˜ìž–ì•„ìš”!â€‹â€‹ë§ˆìŠ¤í¬ íŒŒìš°ì¹˜ë„ ìž˜ ê°€ì§€ê³  ë‹¤ë…€ìš”~â€‹â€‹í•„ë¼í…ŒìŠ¤ í•˜ëŸ¬ ì™”ì–´ìš”!ìˆ¨ì‰¬ê¸°íŽ¸í•œë§ˆìŠ¤í¬ë¼ìš´ë™í•  ë•Œë„ ì°©ìš©í•˜ê¸° ì¢‹ì•„ìš”!(ìš´ë™ ìž¥ì†Œë„ ë°©ì—­ìˆ˜ì¹™ ëª¨ë‘ìž˜ ì¤€ìˆ˜í•œë‹µë‹ˆë‹¤!)â€‹â€‹ì„ ë¬¼ìš© ì„¸íŠ¸ë¡œë„ êµ¬ì„±ì´ ìž˜ ë˜ì–´ ìžˆì–´ìš”~ìš”ì¦˜ì€ í—ˆë¡€í—ˆì‹ë³´ë‹¤ëŠ”ì‹¤ì† ì•„ë‹Œê°€ìš”?â€‹ë§¤ì¼ë§¤ì¼ ì œì¼ í•„ìš”í•œë§ˆìŠ¤í¬ì™€ ìœ„ìƒìš©í’ˆì´ ìµœê³ ì˜ ì„ ë¬¼ ì•„ë‹ê¹Œìš”?â€‹â€‹â€‹[êµ¬ìž…ì€ ì—¬ê¸°ì—ìš”~]#êµ­ì‚°ì¼íšŒìš©ë§ˆìŠ¤í¬50ë§¤ #ì½”ë¡œë‚˜ë§ˆìŠ¤í¬ì¢…ë¥˜#ë¹„ë§ì°¨ë‹¨ë§ˆìŠ¤í¬ #ë©œíŠ¸ë¸”ë¡œìš´ë§ˆìŠ¤í¬#ìˆ¨ì‰¬ê¸°íŽ¸í•œë§ˆìŠ¤í¬ #ì´ì–´ê°€ë“œ#ë§ˆìŠ¤í¬íŒŒìš°ì¹˜ #ë§ˆìŠ¤í¬ë³´ê´€íŒŒìš°ì¹˜ #ë©”ë””ì— ë§ˆìŠ¤í¬",23,0,4,289,24,2,"['ìˆ¨ì‰¬ê¸° íŽ¸í•œ ë§ˆìŠ¤í¬ ì¢‹ì•„ìš”', 'ë„¤.. ì €ëŠ” í•­ìƒ ìˆ¨ì‰¬ê¸°ê°€ íž˜ë“¤ì–´ì„œ ã… ã… ì½”ë¡œë‚˜ê°€ ë¹¨ë¦¬ ëë‚¬ìœ¼ë©´ ì¢‹ê² ì–´ìš” ã… ã… ê·¸ë‚˜ë§ˆ ìˆ¨ì‰¬ê¸° íŽ¸í•œ ë§ˆìŠ¤í¬ ë§Œë‚˜ì„œ ë‹¤í–‰ì´ì—ìš” ã… ã… ', 'ë§ˆìŠ¤í¬ íŒŒìš°ì¹˜ ì¢‹ë„¤ìš” ã…‹ ì •ì„±ìŠ¤ëŸ° í¬ìŠ¤íŒ… ìž˜ ë³´ê³  ê°‘ë‹ˆë‹¤ ~^^', 'ê°ì‚¬í•©ë‹ˆë‹¤~ê±´ê°•í•œ ê°€ì„ ë˜ì„¸ìš”~', 'ì—¬ë¦„ì—ëŠ” ì •ë§ 94ì“°ê³  ë‹¤ë‹˜ ì–´ì§€ëŸ½ë”ë¼êµ¬ì—¬.. ê·¸ëž˜ì„œ ë¹„ë§ì°¨ë‹¨ì“°ê³  ìžˆëŠ”ë°, ë„ˆë¬´ ì‹¼ê±°ëŠ” ê³ ë¬´ë°´ë“œê°€ë–¨ì–´ì§€ë”ë¼êµ¬ì—¬,,,ìž‡ë‹˜ ê¸€ ë³´ê³  ë§ˆìŠ¤í¬ ë–¨ì–´ì§ êµ¬ë§¤í•´ì•¼ ê² ë„¤ì—¬^^*', 'ë§žì•„ìš”ã… ì—¬ë¦„ì—” KF94..ì €ëŠ” KF80ë„ ëª»í•´ìš”ã… ã… ', 'ë§ˆìŠ¤í¬ íŒŒìš°ì¹˜ë¼ë‹ˆ ã…‹ã…‹ ìš”ì¦˜ì€ ì •ë§ ë³„ê²Œ ë‹¤ìž‡ì–´ìš”', 'ê°€ë°© ì† ë§ˆìŠ¤í¬ ë³´ê´€ìš©ìœ¼ë¡œ ì¢‹ì€ê²ƒê°™ì•„ìš”', 'ë§ˆìŠ¤í¬ì— íŒŒìš°ì¹˜  í•„ìš”í•©ë‹ˆë‹¤', 'ë„µ ê¹”ë”í•˜ê²Œ ë³´ê´€í•˜ê¸° ì¢‹ì•„ìš”!', '', 'ê°ì‚¬í•©ë‹ˆë‹¤~', 'íŒŒìš°ì¹˜ì— ì´ì–´ê°€ë“œê¹Œì§€ ë„ˆë¬´ ê¿€ì´ë“ ì œí’ˆì´ë„¤ìš”~!!', 'ë§žì•„ìš”~~~ ã…‹ã…‹ í•„ìš”í•œë° ì‹ ê²½ì¨ì„œ ë”°ë¡œ ì‚¬ì§€ ì•Šì•„ë„ ë˜ì„œ ë„˜ ì¢‹ì•˜ì–´ìš”!', 'ë§ˆìŠ¤í¬ íŒŒìš°ì¹˜ ì¢‹ì€ë°ìš”? ã…Žã„¹', 'ê°ì‚¬í•©ë‹ˆë‹¹~~ë‹µë°© ê°ˆê»˜ìš”~', 'ì •ë§ ë””í…Œì¼í•œ í¬ìŠ¤íŒ…ì´ë„¤ìš”~ðŸ‘ì¢‹ì€ ì •ë³´ ê°ì‚¬ížˆ ìž˜ë³´ê³  ê°‘ë‹ˆë‹¤^^', 'ê°ì‚¬í•©ë‹ˆë‹¹~~ë‹µë°© ê°ˆê»˜ìš”~', 'ìž˜ë³´ê³ ê°‘ë‹ˆë‹¤', 'ê°ì‚¬í•©ë‹ˆë‹¹~~ë‹µë°© ê°ˆê»˜ìš”~', 'ì—¬ë¦„ì—” ë´íƒˆë§ˆìŠ¤í¬~ ì´ì œëŠ” ìŠ¬ìŠ¬ 80ìœ¼ë¥˜...... íŒŒìš°ì¹˜ê¹Œì§€ ì¢‹ì€ë°ìš”?â™¡', 'ì €ëŠ” ì—¬ë“œë¦„ ë•Œë¬¸ì— ì•„ì§ ì¢€ ë” ë´íƒˆ ë§ˆìŠ¤í¬ í•˜ë ¤êµ¬ìš” ã… ã… ']"
3,https://blog.naver.com/love_yulian?Redirect=Log&logNo=222235194176,"â€‹ì–¼ë§ˆì „ì— ê¼¬ë§ˆë‹˜ íŒ¨ë”© ë¬¼ë¹¨ëž˜ë¥¼ í–ˆëŠ”ë°ê°€ë£¨ì„¸ì œê°€ ë¶€ë¶„ë¶€ë¶„ ë‚¨ì•„ì„œí¬ë—í¬ë—í•˜ë”ë¼êµ¬ìš” ã… ã… â€‹ë‹¤ì‹œ ê·¸ ë¶€ë¶„ë§Œ ë¬¸ì§ˆëŸ¬ì£¼ê³ í—¹êµ¼ë„ ë‹¤ì‹œ í•˜ê³  ê·¸ëž¬ì–´ìš”â€‹ì•¡ì²´ì„¸ì œë¡œ ë°”ê¿”ì•¼ ê² ë‹¤~ ìƒê°í•˜ë˜ ì°¨ì—ìº¡ìŠí˜•ì„¸ì œ ê¶ê¸ˆí•´ì„œ ì¨ë³´ë ¤êµ¬ìš”~â€‹â€‹ê¼¬ë§ˆë‹˜ë„ ìžˆê³ ì¹œì •ì—„ë§ˆê»˜ì„œëŠ” ë¹„ì—¼ë„ ìžˆìœ¼ì…”ì„œì„¸ì œ ê³ ë¥¼ë•ŒëŠ” ìžì„¸ížˆ ë³´ëŠ” íŽ¸ì´ì—ìš”~â€‹ì•¡í‹°ë°” ë¦¬ë¸Œ ìº¡ìŠí˜•ì„¸ì œëŠ” ì•ŒëŸ¬ì§€ í”„ë¦¬~ ì´ ë¶€ë¶„ì´ ëˆˆì— í™•~ â€‹í”¼ë¶€ ì•Œë ˆë¥´ê¸°ë¥¼ ìœ ë°œí•  ìˆ˜ ìžˆëŠ”26ê°€ì§€ ì•ŒëŸ¬ì§€ ì›ë£Œë¥¼ ì‚¬ìš©í•˜ì§€ ì•Šì•„ìš”~í”¼ë¶€ ìžê·¹ ì—†ì´ ê¹¨ë—í•œ ì„¸íƒ!â€‹ìž”ë¥˜ ì„¸ì œì˜ í”¼ë¶€ íŠ¸ëŸ¬ë¸”ì— ëŒ€í•œê³µì¸ê¸°ê´€ì˜ í”¼ë¶€ìžê·¹ í…ŒìŠ¤íŠ¸ ì™„ë£Œ!ì €ìžê·¹ì„± í™•ì¸!â€‹ì œê°€ ë¹¨ëž˜ í• ë•Œë§ˆë‹¤ ì„¸ì œë¥¼ ì–¼ë§ˆë‚˜ ë„£ì„ì§€ .. ê³ ë¯¼í•˜ëŠ”ë° ã…Žã…Žìš”ê±´ ë”± 1ê°œ OR 2ê°œ ë„£ìœ¼ë©´ ë˜ì„œêµ¬ë¶„í•˜ê¸° ë„ˆë¬´ ì¢‹ë„¤ìš”~~ â€‹â€‹ê·¸ë¦¬ê³  ì ˆì·¨ì„  ìžë¥´ë‹¤ê°€ê¹œì§ ë†€ëžì–´ìš”!â€‹ìš”ì¦˜ì€ ë³´í†µ ì´ì§€ì»·ì´ë‚˜ ì ˆì·¨ì„ ì´ ë‹¤ ìž˜ ë˜ì–´ìžˆê¸´í•˜ìž–ì•„ìš”~ê·¸ëŸ°ë°, ìš”ë ‡ê²Œ ë”±!ê°€ìœ„ë¡œ ìžë¥¸ê±°ì²˜ëŸ¼ ìž˜ë¦¬ëŠ” ê±´ ì²˜ìŒì´ì—ˆì–´ìš” ã…Žã…Žã…Žì‹ ê¸°ì‹ ê¸°â€‹â€‹ì €í¬ì§‘ ê¼¬ë§ˆë‹˜ì€ ì´ì œ ì»¤ì„œ ìœ„í—˜í•˜ì§„ ì•Šì§€ë§Œ,ìº¡ìŠí˜•ì„¸ì œë¥¼ ìº”ë””ë¥˜ë¡œ ì˜¤í•´í•˜ê³ ì•„ê°€ë‹˜ë“¤ì´ ë¨¹ì—ˆë‹¤ëŠ” ê¸°ì‚¬ê°€ ì¢…ì¢… ë‚˜ì˜¤ëŠ”ë°,ì–´ë¦°ì´ ë³´í˜¸í¬ìž¥ ë„ˆë¬´ ê°ì‚¬í•˜ë„¤ìš”!â€‹ì‚¬ìš© í›„ì—ëŠ” ê¼­ ì§€í¼ë¥¼ ë‹«ìœ¼ì‹œê³ ,ì–´ë¦°ì´ë“¤ ì†ì´ ë‹¿ì§€ ì•ŠëŠ” ê³³ì— ë³´ê´€í•˜ì„¸ìš”!â€‹â€‹ì´ë ‡ê²Œ ì˜ˆì˜ë‹ˆ, ì•„ê°€ë“¤ì´ ì˜¤í•´í•  ë§Œë„ í•˜ì£ ã… ã… ë¬´ì¡°ê±´ ì•ˆì „í•˜ê²Œ ë³´ê´€í•˜ì‹œê¸¸...â€‹ì„¸íƒì‹¤ì„ ì´ì˜ê²Œ ì¸í…Œë¦¬ì–´ í•˜ì‹  ë¶„ë“¤ì€ì•¡í‹°ë°”ë¦¬ë¸Œ ìº¡ìŠí˜•ì„¸ì œ ìƒ‰ìƒ‰ìœ¼ë¡œ ìœ ë¦¬ë³‘ì´ë‚˜, íˆ¬ëª…í•œ í”Œë¼ìŠ¤í‹± í†µì— ë³´ê´€í•˜ì‹œë©´ì¸í…Œë¦¬ì–´ ì†Œí’ˆì²˜ëŸ¼ ì—°ì¶œì´ ê°€ëŠ¥í•  ê²ƒ ê°™ì•„ìš”â€‹ì €í¬ì§‘ì€ ì˜¤ëž˜ëœ ì•„íŒŒíŠ¸ ì„¸íƒì‹¤ì´ë¼..ã…‹ã…‹ã…‹ìžì„¸ížˆ ë³´ì—¬ë“œë¦´ ìˆ˜ ì—†ì–´ìš” ì´ì‚¬ê°€ë©´, ì €ë„ ê¼­ ì˜ˆì˜ê²Œ ì—°ì¶œí•´ ë³´ê³  ì‹¶ë„¤ìš”(ì´ì‚¬ê³„íšì€ í˜„ìž¬ëŠ” ì—†ì–´ìš” ì•„íŒŒíŠ¸ ì²­ì•½ì—ì„œ ê³„ì† ë–¨ì–´ì§€ê³  ìžˆì–´ìš” ã… ã… )â€‹ì €ëŠ” ë¹¨ëž˜ë¥¼ í° ì˜· - ê²€ì • ì˜· - ìˆ˜ê±´ìš”ë ‡ê²Œ 3ê°œë¡œ êµ¬ë¶„í•´ì„œ í•œë‹µë‹ˆë‹¤~~â€‹ì˜¤ëŠ˜ì€ í° ì˜· í•˜ëŠ” ë‚ ì´ì—ìš”..â€‹(ì‚¬ì‹¤ ë¹¨ëž˜ê°€ ë°€ë ¤ì„œ ã…Žã…Žã…Ží° ì˜·, ê²€ì • ì˜· ì„¸íƒê¸° ë‘ ë²ˆ ëŒë ¸ì–´ìš”~)â€‹ì•¡í‹°ë°”ë¦¬ë¹™ ì„¸íƒì„¸ì œ ë„£ì–´ë³¼ê»˜ìš”~â€‹â€‹ì–‡ì€ í‹°ì…”ì¸  í¬í•¨, ì–‘ë§ ë“± ì†ì˜·ì€ë°”ë¡œ ê±´ì¡°ê¸°ì— ëŒë ¤ìš”~ê²¨ìš¸ìš© ë§¨íˆ¬ë§¨ì´ë‚˜ ê¸°ëª¨ì˜·ì€ë°©ì— ê°€ìŠµê¸° ëŒ€ì‹  ë„ì–´ë‘”ë‹µë‹ˆë‹¤~â€‹ê¼¬ë§ˆë‹˜ì˜ LOVE ë§¨íˆ¬ë§¨~ì„¸íƒì´ ê¹¨ë—í•˜ê²Œ ìž˜~ ë˜ì—ˆë„¤ìš”~â€‹ê³ ë†ì¶•, 7ì¤‘ íš¨ì†Œì˜ ì•¡í‹°ë°” ë¦¬ë¸Œ ìº¡ìŠì„¸íƒì„¸ì œ6ë°° ê³ ë†ì¶• ì•¡í‹°ë°”ë¡œì„¸íƒì´ ìž˜ ë˜ëŠ” ê²ƒì€ ë¬¼ë¡ !7ì¤‘ íš¨ì†Œê°€ í•¨ìœ ë˜ì–´ê°ì¢… ì˜¤ì—¼ì€ ë¶„í•´í•˜ì§€ë§Œ,ì„¬ìœ ëŠ” ì¼€ì–´í•´ì£¼ëŠ”ì„¬ìœ  ë³´í˜¸ ê¸°ëŠ¥!ì •ì „ê¸°ë°©ì§€ëŠ” ì¶”ê°€!â€‹ë¹¨ëž˜ê°€ ë„ˆë¬´ ë°€ë ¤ì„œ ã…Žã…Žì—°ì†ìœ¼ë¡œ ê²€ì • ë¹¨ëž˜ ê°‘ë‹ˆë‹¤~~ì‹ ëž‘ì˜ ì²­ë°”ì§€ê°€ ë³´ì´ë„¤ìš”~ì—­ì‹œ 2ê°œ~ ë„£ì–´ì¤ë‹ˆë‹¤~~â€‹â€‹ìˆ˜ê±´ì€ ë‹¤ìŒë‚  ê³ ê³ ~~ìˆ˜ê±´ì€ ì–‘ì´ ë§Žì§€ ì•Šì•„ì„œ ê³ ë¯¼í•˜ë‹¤ìº¡ìŠ í•˜ë‚˜ë§Œ ë„£ì–´ì¤ë‹ˆë‹¤â€‹ì˜¨ ê°€ì¡±ì´ ì“°ëŠ” í”¼ë¶€ì— ì•ˆì „í•œ ìº¡ìŠì„¸ì œí˜•ê´‘ ì¦ë°±ì œëŠ” ë“¤ì–´ìžˆì§€ ì•Šê³ ,ê²€ì¦ëœ ìˆ˜ìš©ì„± í•„ë¦„ ì‚¬ìš©ìœ¼ë¡œ ì•ˆì „í•˜ê²Œ!ì¸ì²´ì— ë¬´í•´í•˜ê³ ì°¬ë¬¼ì—ì„œë„ ìž˜ ë…¹ëŠ” í•„ë¦„ì˜ ìº¡ìŠì„¸ì œì¶”ì²œí•©ë‹ˆë‹¤â€‹â€‹ë†€ì´í„°ì—ì„œ ê²©í•˜ê²Œ ë’¹êµ´ë©° ë†€ì•˜ë‹¤ê³  ^^;;ì¹œì •ì—„ë§ˆê»˜ì„œ ê¼¬ë§ˆë‹˜ í•‘í¬íŒ¨ë”© ì„¸íƒí•˜ë¼ê³  í•˜ì…”ì„œíŒ¨ë”© í•˜ë‚˜ë§Œ ë„£ì–´ì£¼ê³ , ìº¡ìŠì„¸ì œë„ í•˜ë‚˜ ë„£ì–´ì£¼ê³ ~ ì„¸íƒí•©ë‹ˆë‹¤~~â€‹ì˜¤ë¥¸ìª½ ì‚¬ì§„ì´ ì„¸íƒ í›„,ì‹¤ë‚´ ìžì „ê±°(ë¼ ì“°ê³ , ë¹¨ëž˜ ê±¸ì´ë¼ ì½ì£ !)ì— ë„ì–´ì£¼ì—ˆëŠ”ë°,í•‘í¬í•‘í¬ ìƒ‰ìƒì´ í›¨ì”¬ ì„ ëª…í•´ì§„ ëŠë‚Œì´ë„¤ìš”~â€‹ì„¸íƒë ¥ ì¢‹ê³ , ì•ŒëŸ¬ì§€ í”„ë¦¬ì¸ ì•¡í‹°ë°”ë¦¬ë¹™ ì„¸íƒì„¸ì œì¶”ì²œí•©ë‹ˆë‹¤#ìº¡ìŠí˜•ì„¸ì œ #ì •ì „ê¸°ë°©ì§€#ë‹¤ë‚´êº¼ë‹·ì»´ #ìº¡ìŠì„¸ì œ#ìº¡ìŠì„¸íƒì„¸ì œ #ìº¡ìŠì„¸ì œì¶”ì²œ#ì•¡í‹°ë°”ë¦¬ë¸Œ #ì•¡í‹°ë°”ë¦¬ë¹™#ì„¸íƒì„¸ì œ #ì„¸íƒì„¸ì œì¶”ì²œ",20,1,2,291,33,1,"['ì •ë§ ì ¤ë¦¬ê°”ë„¤ìš”.^^ íš¨ê³¼ë„ ì¢‹ê² ì§€ë§Œ ë¹„ì£¼ì–¼ì´ íƒì›”í•˜ë„¤ìš”.^^ ðŸ”®', 'ì €í¬ì§‘ì€ í•´ë‹¹ì´ ì•ˆë˜ì§€ë§Œ, ì„¸íƒì‹¤ë„ ì˜ˆì˜ê²Œ ê¾¸ë¯¸ì‹  ë¶„ë“¤ì—ê² ì¢‹ì€ ì¸í…Œë¦¬ì–´ ì†Œí’ˆì´ ë  ê²ƒ ê°™ì•„ìš”~', 'ì •ì „ê¸° ë°©ì§€ê¹Œì§€ ë˜ê³  ì¢‹ë„¤ìš”ã…Žì €ëŠ” lgìƒí™œê±´ê°•ì—ì„œ ë‚˜ì˜¨ íŒŒëž€ìƒ‰ ì“°ëŠ”ë°,,ì•„ì´ë“¤ì´ ì‚¬íƒ•ìœ¼ë¡œ ì˜¤í•´ í•  ìˆ˜ë„ ìžˆê¸´ í•˜ê² ë„¤ìš©~', 'ì˜¤~~ íŒŒëž€ìƒ‰ë„ ì˜ˆì˜ê² ì–´ìš”~~~ìœ ì•„ë“¤ì—ê²ŒëŠ” ì •ë§ ì¡°ì‹¬í•´ì•¼ í•  ê²ƒ ê°™ì•„ìš”~~~', 'ìš°ì•™ ã…Ž ë³´ìžë§ˆìž ì´ì˜ë‹¤ í–ˆì–´ìš”! ã…‹ã…‹ã…‹ã…‹', 'ì˜ˆì˜ì£ ... ã…Žã…Žã…Žì €í¬ì§‘ì€ ì˜¤ëž˜ ì‚´ì•„ì„œ ì„¸íƒì‹¤ì´ ë‚œë¦¬ì¸ë°..ìƒˆ ì•„íŒŒíŠ¸ ëª¨ë¸í•˜ìš°ìŠ¤ì²˜ëŸ¼ ì„¸íƒì‹¤ ê²¸ íŽœíŠ¸ë¦¬ë¡œ ì¸í…Œë¦¬ì–´ í•˜ë©´ìš”ëŸ° ìº¡ìŠí˜• ìƒ‰ìƒ‰ìœ¼ë¡œ í–¥ê¸°í–¥ê¸°ë§ˆë‹¤~ í•´ë‘ë©´ ê¸°ë¶„ ì¢‹ì„ ê²ƒ ê°™ì•„ìš”~~ì´ì‚¬í•˜ê³  ì‹¶ë„¤ìš” ã… ã… ', 'ë³´ì„ì²˜ëŸ¼ ì´ìœ ì„¸ì œë¼ ë¹¨ëž˜í•  ë§›ë‚˜ê² ì–´ìš”ã…Ží”¼ë¶€ìžê·¹ ì—†ì–´ì„œ ì•ˆì‹¬ë˜ì„œ ì¢‹ìœ¼ë„¤ìš”!^^', 'ë„¤~~ ì•„ì´ë„ ìžˆê³ , ì¹œì •ì—„ë§ˆ ë¹„ì—¼ë„ ìžˆìœ¼ì…”ì„œ.. ìžê·¹ ì—†ëŠ” ì„¸ì œê°€ ì¤‘ìš”í•˜ì£  ã… ã… ê·¼ë° ì•„ì´ íŒ¨ë”© ì˜¤ì—¼ë„ ì‹¹ ë¹ ì ¸ì„œ ì„¸íƒë ¥ë„ ì¢‹ë„¤ìš”!', 'ì´ê±° ì´ì˜ê¸°ê¹Œì§€ í•˜ë„¤ìš”^^', 'ë„¤~~~ ìš” ì¹œêµ¬ë“¤ì€ ì´ìœë° ì €í¬ì§‘ ì„¸íƒì‹¤ì´ ì•ˆ ë°›ì³ì¤˜ì„œ ì•„ì‰½ë„¤ìš” ã…Žã…Žã…Ž', 'ê¾¹ ì™€ ì´ê±° ëª¬ê°€ ì‹ ê¸°í•˜ê³  ì´ë»ìš”', 'ì˜ˆì˜ì£ ~ ë§ˆìŒì€ ì˜ˆìœ ì„¸íƒì‹¤ ì¸í…Œë¦¬ì–´ì¸ë°,, ì €í¬ì§‘ ì„¸íƒì‹¤ì€.. ê·¸ëƒ¥ ì„¸íƒì‹¤ì´ì—ìš” ã…‹ã…‹ã…‹ ì•„ì‰½', 'ìº¡ìŠì„¸ì œ ë„ˆë¬´ ê°„íŽ¸í•˜ê³ ì¢‹ì•„ìš”', 'ì €ëŠ” ìº¡ìŠì„¸ì œëŠ” ì²˜ìŒ ì“´ê±´ë°, ì •ë§ íŽ¸ë¦¬í•˜ë„¤ìš”!ê³„ì† ì‚¬ìš©í•˜ë ¤êµ¬ìš”!', 'ìº¡ìŠì´ë¼ì„œ í™•ì‹¤ížˆ ê°„íŽ¸í•´ ë³´ì´ë„¤ìš” íë¥´ì§€ë„ ì•Šêµ¬ìš” ã…Žã…Ž', 'ë„¤~ íŠ¹ížˆ ì „ í•­ìƒ ìš©ëŸ‰ë•œì— ê³ ë¯¼í•˜ëŠ”ë°..ã…Žã…Žã…Žì´ê±´ ê³ ë¯¼ì—†ì´ 1ê°œë‚˜ 2ê°œ ë„£ìœ¼ë©´ ë˜ì„œ ë„˜ ì¢‹ì•„ìš”!', 'ì •ì „ê¸° ë°©ì§€ë˜ë‹ˆ ë„ˆë¬´ì¢‹ì€ë°ìš”', 'ë§žì•„ìš”~ ì •ì „ê¸° ë°©ì§€ ë˜ë©´, ë”°ë¡œ ì„¬ìœ ìœ ì—°ì œë„ ì•ˆ ì¨ë„ ë˜ê³ ~ ì¢‹ì£ ~', 'ì‚¬ì§„ë§Œ ë³´ê³ ëŠ” ë³´ì„ì¸ì¤„ìš” ã…‹ã…‹ã…‹', 'ê·¸ìµ¸~ ì˜ˆì˜ì£ ~ì˜ˆìœ ë³‘ì— ë‹´ì•„ë‘ë©´ ë” ì˜ˆì ê±° ê°™ì•„ìš”~', 'ì¼ë³¸ì— ìžˆì„ë•Œ ìº¡ìŠì„¸ì œ ì‚¬ìš©í•˜ë©´ ì„¬ìœ ìœ ì—°ì œ í•„ìš” ì—†ì–´ì„œ ê°„íŽ¸í•´ì„œ ë§Žì´ ì‚¬ìš©í–ˆëŠ”ë° ê¸°ì–µì´ ìƒˆë¡ ìƒˆë¡', 'ë„¹ë„¹ ì„¬ìœ ìœ ì—°ì œë¥¼ ë”°ë¡œ ì•ˆ ë„£ì–´ë„ ë˜ëŠ” ì ë„ ì§„ì§œ íŽ¸í•œê±° ê°™ì•„ìš”!!', 'ì´ê²ƒë„ í–¥ì´ ìžˆë‚˜ìš¤???', 'í–¥ì€ ê±°ì˜ ì—†ëŠ”ê±° ê°™ì•„ìš”~~~ì„¸íƒì „ì—ëŠ” ìº¡ìŠì´ë¼ í–¥ì´ì•ˆëŠê»´ì§€ê³ ì„¸íƒí›„ì—ë„ í–¥ì´ ëŠê»´ì§€ì§„ ì•Šì•˜ì–´ìš”', 'ìº¡ìŠ ì„¸ì œë¼ë‹ˆ ì‹ ê¸°í•˜ë„¤ìš”~ ^^', 'ì €ë„ ì‚¬ìš©í•œê±´ ì²˜ìŒì¸ë°, íŽ¸í•´ìš”~~  *^^*', 'ìº¡ìˆ ì„¸ì œë¼...ìº¡ìŠí˜•íƒœì´ë¼ ì‚¬ìš©í•˜ê¸° íŽ¸í• ê±° ê°™ë„¤ìš”. ðŸ‘', 'ë„¹ë„¹ ìŠ‰ ë˜ì ¸ë‘ë©´ ë˜ë©´ íŽ¸í•´ìš”~~~ã…Žã…Žã…Ž', 'ì¢‹ì€ ì •ë³´ë„¤ìš”. ì €ë„ ë‹¤ìŒì— ì‚¬ë‹¤ ì¨ì•¼ê² ë„¤ìš”', 'íŽ¸ë¦¬í•˜ê³  ì¢‹ì•„ìš”~~  *^^*']"
4,https://blog.naver.com/love_yulian?Redirect=Log&logNo=221724025309,"ìœ¡ì•„ íœ´ì§ì„ ë§ˆì¹˜ê³  ë³µì§í•œ ì²« ë‚ ,ì ì‹¬ì‹œê°„...â€‹ì™€ìš°!MSG íŒíŒ ë“¤ì–´ê°„ ì‹ë‹¹ë°¥ì´ ì–´ì°Œë‚˜ ë§›ìžˆë˜ì§€ìš”....ã…Žã…Žâ€‹â€‹ì•„ê°€ë‹˜ ì—†ì´ í˜¼ìž ë§ˆì‹œëŠ” ë¼ë–¼ì˜ ì—¬ìœ ...íšŒì‚¬ì—ì„œë„ í”„ë¡œì íŠ¸ ë§ˆê°ì´ë©´ì•¼ê·¼ë„ í•˜ê³  í•œë‹¬ê°„ í•©ì‚¬ë„ í•˜ê³ ì² ì•¼ë„ í•˜ì§€ë§Œâ€‹ì–´ì œë„ ì˜¤ì „ 10ì‹œ ì¶œë°œí•˜ì—¬11ì‹œ ì•¤ì„œë‹ˆë¸Œë¼ìš´ #ë¹„ë°”í”„ëžœë“œ ë®¤ì§€ì»¬1ì‹œ ì ì‹¬ì‹ì‚¬2~5ì‹œ #ë¸Œë¦­ìº í¼ìŠ¤ ì„œìš¸ ê°™ì´ê°„ ì•„ê°€ë‹˜ ì¹œêµ¬ì§‘ì— ë“¤ë ¤ ì±… ë¹Œë ¤ ì§‘ì— ê·€ê°€8ì‹œë°˜ì— í–‰ì‚¬ ì¤€ë¹„ë¥¼ ìœ„í•´ êµíšŒ10ì‹œì— ê·€ê°€....â€‹ì•„ íž˜ë“¤....â€‹ì˜¤ëŠ˜ë„ì˜¤ì „9ì‹œ ì˜ˆë°°ë¶€í„° ì‹œìž‘í•˜ì—¬,ë¦¬ëª¨ë¸ë§ ë§ˆì¹œ ì˜ì•„ë¶€ ì²­ì†Œ ë° #ë‹¬ëž€íŠ¸ íŒŒí‹° ì¤€ë¹„ì˜ì•„ë¶€ ì˜ˆë°° ë° ë‹¬ëž€íŠ¸ íŒŒí‹°2ì‹œ ë°”ì´ì˜¬ë¦° ë ˆìŠ¨ ì§‘ì—ì˜¤ë‹ˆ 4ì‹œâ€‹ë³¸ê²© ì‚´ë¦¼!â€‹ìž‘ë…„ í¬ë¦¬ìŠ¤ë§ˆìŠ¤ ì„ ë¬¼ë¡œì…€í”„ ì‚°íƒ€ì—ê²Œ ë°›ì€ ë¡œë´‡ì²­ì†Œê¸°ì—ìš”...ì €ë ´ì´ë¡œ ê°€ì„±ë¹„ ì¢‹ìŠµë‹ˆë‹¤!#ë‹¨ìˆ˜ì´#ë‹¨ìˆ˜ì´ë¡œë´‡ì²­ì†Œê¸°#ë¡œë´‡ì²­ì†Œê¸°â€‹ìž¬ìž‘ë…„ì¸ê±°ê°™ê¸°ë„ í•˜ë„¤ìš”...1ë…„ì´ ê¸ˆìƒˆ ì§€ë‚˜ë‹ˆê¹Œìš”â€‹ë¬¼ê±¸ë ˆëŠ” ì¶”ê°€ë¡œ ì™•ì°½ êµ¬ìž…í–ˆë‹µë‹ˆë‹¤....â€‹ã…‹ã…‹ ì‹¤ë‚´í™”ë¥¼ ë§¤ì£¼ ì„¸íƒ ëª»í•´ì„œê¸‰ížˆ êµ¬ìž…í•˜ë‹¤ë³´ë‹ˆ3ê°œê°€ ë˜ì—ˆë„¤ìš” ã…‹ã…‹â€‹ê³ ë“±í•™ìƒ ë•Œê¹Œì§€ ì•„ë¹ ê°€ ì‹¤ë‚´í™” ì„¸íƒí•´ì£¼ì…¨ëŠ”ë°....ì €ë„ ì•„ê°€ë‹˜ ì‹¤ë‚´í™”ë¥¼...â€‹ì €í¬ì•„ì´ê°€ ì¢‹ì•„í•˜ëŠ”í™”ì‚°í­ë°œ ìž…ë‹ˆë‹¤.êµ¬ì—°ì‚°+ë² ì´í‚¹ì†Œë‹¤íŒ¡íŒ¡ ë„£ìœ¼ë©´ë¶€ê¸€ë¶€ê¸€...ì‹¤ë‚´í™” 3ê°œ+ì—¬ë¦„ ìš´ë™í™”ì§€ë‚œì£¼ê¹Œì§€ ì—¬ë¦„ìš´ë™í™”ê°€ ë” íŽ¸í•˜ë‹¤ê³  ì‹ ê³ ë‹¤ë…”ë„¤ìš”..â€‹#êµ¬ì—°ì‚°ì„¸íƒ#ë² ì´í‚¹ì†Œë‹¤ì„¸íƒ#ìš´ë™í™”ì„¸íƒâ€‹â€‹ì¢Œ ã…¡ 5ì„¸ 3ì›”ì— êµ¬ìž…í•œ ì‹¤ë‚´í™” 170ì‚¬ì´ì¦ˆ     ì„¸ìƒ ì ¤ ì§€ì €ë¶„í•œ ì—˜ì‚¬.. ê°€ìš´ë° ã…¡ í•˜ë‚˜ë¡œ ì„¸íƒí•˜ê¸°ê°€ ë„ˆë¬´ ë°”ë¹ ì„œ6ì„¸ë•Œ ì¶”ê°€ êµ¬ìž…í•œ 180 ì‚¬ì´ì¦ˆâ€‹ì˜¤ë¥¸ìª½ ã…¡ ã…‹ã…‹ ì„¸íƒëª»í•˜ê³  ì£¼ë§ì´ ì§€ë‚˜ë²„ë ¤ë˜ ì¶”ê°€ êµ¬ìž…í•œ 180 ì‚¬ì´ì¦ˆâ€‹ì—˜ì‚¬ ì‹¤ë‚´í™”ëŠ”...ì˜¬í•´ê¹Œì§€ë§Œ ì‹ ê¸°ê³  ì¹˜ìš°ë ¤êµ¬ìš” ã…Žã…Žâ€‹ì–´ì„œ ë§ë¼ë¼~~~â€‹ê±°ì°½í•œ ëƒ‰ìž¥ê³  ì²­ì†ŒëŠ” ì•„ë‹ˆê³ ëª‡ê°€ì§€ ì •ë¦¬í•˜ê³ ìŒì‹ë¬¼ì“°ë ˆê¸° ë²„ë¦¬ê³  ë.ì‚¬ì§„ì€ ì—†ìŒ!â€‹í•œë‹¬í•©ì‚¬(ì•¼ê·¼ê³¼ ì² ì•¼ë¥¼ ì˜ë¯¸!)í•œë‹¬ íë ´ ì§ì „ì˜ ê°ê¸°ë¥¼ ì§€ë‚´ê³  ë‚˜ë‹ˆì§‘ì•ˆì´ ë¼ì§€ìš°ë¦¬ ã… ã… â€‹í´ë ˆì´ì˜ ìž”í•´ê°€ í•œê°€ë“ì´ì œ ë‹¤ ë¹„ì›€ ã…‹ã…‹â€‹ìœ ì¹˜ì› ìƒì¼ì„ ë¬¼ ë³´ë‚´ë ¤ê³  í•œë°•ìŠ¤ ì‚¬ë„í•œë‹¬ì„ ëª»ê° ã…Žã…Žâ€‹ì €ëŠ” ì…€í”„ ì—¼ìƒ‰ì„ í•©ë‹ˆë‹¤íŒŒë§ˆëŠ” ë¯¸ìš©ì‹¤ ê°€ì„œ í•˜êµ¬ìš”â€‹ê³ 2ë•Œë¶€í„° ì…€í”„ ì—¼ìƒ‰ì„ í–ˆìœ¼ë‹ˆâ€‹ë§í•˜ì§€ ì•ŠëŠ” íŒì€â€‹ì €ëŠ” ë¨¸ë¦¬ê°€ ë„ˆ~~~~~~~~ë¬´ ê²€ì–´ì„œë°ì€ ìƒ‰ìœ¼ë¡œ ì—¼ìƒ‰í•˜ë©´....â€‹ì•„ì‹œì£ ?ìƒˆë¡œ ë¨¸ë¦¬ ì˜¬ë¼ì˜¤ë©´íŒ í‹°ë‚˜ëŠ”ê±°â€‹í¬ê²Œ ë°ì§€ ì•Šì€ ìƒ‰ìœ¼ë¡œì›í•˜ëŠ” í†¤ìœ¼ë¡œ ê³ ë¦…ë‹ˆë‹¤.ê·¸ë¦¬ê³ ê°™ì€ ìƒ‰ìœ¼ë¡œ í•­ìƒ í•©ë‹ˆë‹¤.â€‹â€‹ì œê°€ ì“°ëŠ” ìƒ‰ì¸ë°...6.66...ì¿ 0  ì •ê¸°ë°°ì†¡ì—ì„œ ì‚¬ë¼ì§ ã…¡ã…¡ë§¤ë²ˆ ë‹¤ì‹œ ì£¼ë¬¸í•´ì•¼í•˜ëŠ” ê·€ì°®ìŒ ë°œìƒâ€‹í•­ìƒ2/3 ì€ ì¡°ê¸ˆ ë¶€ì¡±í•˜ê³ í•œí†µì€ ì¡°ê¸ˆ ë‚¨ì•„ì„œ...â€‹ì´ë²ˆì—ëŠ” ì–¼ë§ˆì „ì— í—¤ì–´ì»·ì„ í•œë²ˆí•´ì„œë°˜í†µ ì¼ëŠ”ë°â€‹ë¨¸ë¦¬ ìœ„ ëšœê»‘ë§Œ ì—¼ìƒ‰í•¨ ã… ã… â€‹â€‹ëª¨ë‘ë“¤ ì¦ê±°ìš´ ì£¼ë§ ë§ˆë¬´ë¦¬ í•˜ì‹œê³ ì›”ìš”ë³‘ ì—†ëŠ” ì›”ìš”ì¼ ë˜ì‹œê¸¸~~~~!",12,0,0,221,0,0,0
5,https://blog.naver.com/love_yulian?Redirect=Log&logNo=221867981507,"ì•„ì´ë„ ìžˆê³ ,ì„¸ ì‹êµ¬ê°€ í•œë°©ì—ì„œ ì·¨ì¹¨í•˜ë‹¤ë³´ë‹ˆ,ë°¤ ìƒˆ ê³µê¸°ê°€ ë‹µë‹µí•´ìš”..â€‹â€‹ê·¸ëž˜ì„œ  #ìœ„ë‹‰ìŠ¤ê³µì²­ê¸°í•œ 5ë…„ ì „ ì •ë„ì— êµ¬ìž…í•œê±° ê°™ë„¤ìš”.#ê³µê¸°ì²­ì •ê¸° ëŠ” í•„ìˆ˜!! ìž…ë‹ˆë‹¤.â€‹ë“¤ì—¬ë†“ì€ ë‚ ë¶€í„° ê³µê¸° ë‹µë‹µí•¨ì´ í™•ì—°ížˆ ì¤„ì—ˆì–´ìš”!ë¬¼ë¡ , ì°½ë¬¸ í™œì§ ì—´ì–´ í™˜ê¸°ë„ ê¼­ í•„ìš”í•´ìš”!!!â€‹â€‹â€‹1~2ê°œì›” ë§ˆë‹¤ í•„í„°ë¥¼ ì²­ì†Œê¸°ë¡œ ì²­ì†Œí•´ì¤˜ìš”..í•„í„°ì— ì—„ì²­ ë¨¼ì§€ ë¶™ì–´ìžˆê±°ë“ ìš” ã… ã… ê·¸ë ‡ê²Œ í•´ì¤˜ë„ 6~12ê°œì›”ë§ˆë‹¤ #í•„í„°êµí™˜ #í•„í„°êµì²´ ë„ í•´ì¤˜ì•¼ í•˜ëŠ”ë°..ìžê¾¸ ê¹Œë¨¹ì–´ìš”..6~12ê°œì›”ì´.. ì‹œê°„ì´ ì™œì¼€ ë¹ ë¥¸ê°€ìš”..â€‹ë“œë””ì–´ ê¸°ì–µë‚˜ì„œ.. ì´ë²ˆì—ë„ êµ¬ìž…ì„ í•©ë‹ˆë‹¤..#ê³µê¸°ì²­ì •ê¸°í•„í„°ìµœì €ê°€ ê²€ìƒ‰ì„ í•´ë´…ë‹ˆë‹¤.â€‹#ìœ„ë‹‰ìŠ¤ê³µê¸°ì²­ì •ê¸°í•„í„°ìµœì €ê°€#H12ë“±ê¸‰í—¤íŒŒí•„í„°â€‹ë¯¸ì„¸ë¨¼ì§€ì™€ ì´ˆë¯¸ì„¸ë¨¼ì§€ ì œê±°ê°ì¢… ì§‘ì•ˆ ë¨¼ì§€ ì œê±°ë°•í…Œë¦¬ì•„, ë°”ì´ëŸ¬ìŠ¤, ê³°íŒ¡ì´ ì œê±°..â€‹â€‹ì†”ì§ížˆ.. ë°•í…Œë¦¬ì•„, ë°”ì´ëŸ¬ìŠ¤, ê³°íŒ¡ì´ ì œê±°ëŠ” ëˆˆì— ì•ˆ ë³´ì—¬ì„œ ëª¨ë¥´ê² êµ¬ìš”..ã…‹ã…‹â€‹ê°ì¢… ë¨¼ì§€ ì œê±°..ëŠ” í•„í„°ì— ë¶™ì€ ë¨¼ì§€ë¥¼ ë³´ë©´ ì•Œ ìˆ˜ ìžˆì–´ìš”!â€‹ì—„ì²­ ë‚˜ìš” ã… ã… â€‹â€‹ìš°ë¦¬ì§‘ ê³µê¸°ì²­ì •ê¸°ëŠ” #AEN332W-WOâ€‹í˜¸í™˜ê°€ëŠ¥ í™•ì¸í•˜ê³ !â€‹â€‹â€‹â€‹â€‹â€‹ê°€ê²© ë¹„êµ ëì—...â€‹â€‹â€‹15,300ì› + ë°°ì†¡ë¹„ 2,500ì› = 17,800ì› ìµœì €ê°€ë¥¼ ì°¾ì•˜ìŠµë‹ˆë‹¤!!!â€‹í•„í„°ë¥¼ ëª‡ë²ˆ êµ¬ìž…í–ˆëŠ”ë°,ê°€ê²©ì´ ì ì  ì €ë ´í•´ì§€ëŠ” ëŠë‚Œì´ì—ìš”....â€‹ê·¸ë¦¬ê³ , ìš” ê³µê¸°ì²­ì •ê¸° ëª¨ë¸ì€ ì´ì œ êµ¬ìž…ì€ ë¶ˆê°€ëŠ¥í•˜ë„¤ìš”..ìƒˆ ì œí’ˆì´ ë§Žì´ ë‚˜ì™€ì„œ ê·¸ëŸ°ê°€ ë°”ìš”~~~â€‹ë°°ì†¡ì´ ì˜¬ë•Œê¹Œì§€ ê¸°ë‹¤ë ¤ ë´…ë‹ˆë‹¤~~~~â€‹â€‹ë°°ì†¡ì˜¨ #ê³µê¸°ì²­ì •ê¸°í•„í„°â€‹í•˜ì–‘í•˜ì–‘â€‹â€‹ìš°ë¦¬ì§‘ ê³µì²­ê¸° ì˜¤í”ˆâ€‹â€‹â€‹â€‹í•„í„° ìƒ‰ ë¹„êµã… ã… â€‹ê·¸ë™ì•ˆ ìš°ë¦¬ì§‘ ë¨¼ì§€ ë¨¹ì–´ì£¼ëŠë¼ê³ ìƒë§Žì•˜ì–´?â€‹â€‹ìƒˆ í•„í„° ë„£ì–´ì£¼ê¸°â€‹â€‹ì™„ë£Œ!â€‹6ê°œì›”ê°„ ìš°ë¦¬ì§‘ìž˜ ë¶€íƒí•´!â€‹",12,2,1,124,0,1,0
6,https://blog.naver.com/love_yulian?Redirect=Log&logNo=222292607636,"â€‹í•„í„° êµì²´ ì£¼ê¸°ëŠ” 1ë…„ì´ë¼ê³  í•˜ëŠ”ë°...ê·¸ëž˜ì„œ 1ë…„ ë§Œì— êµì²´ í–ˆìŠµë‹ˆë‹¤!â€‹ìž‘ë…„ì—ëŠ” ì¿ íŒ¡ì—ì„œ êµ¬ìž…í–ˆëŠ”ë°,ì´ë²ˆì—ëŠ” ê·¸ëƒ¥ ë„¤ì´ë²„ ê²€ìƒ‰í•´ì„œ êµ¬ìž…í–ˆêµ¬ìš”~ì´ë²ˆì—ë„ ì—­ì‹œ.. 1ê°œë‹¹ 2ë§Œì› ì•ˆë˜ëŠ” ìµœì €ê°€ë¥¼ ìž˜ ê³ ë¥¸ê²ƒ ê°™ì•„ìš”~~â€‹â€‹ë°°ì†¡ë¹„ê°€ ì¶”ê°€ë¡œ ë“¤ì–´ê°€ì„œ,ë¬´ë£Œë°°ì†¡ ë°›ê¸° ìœ„í•´ 2ê°œë¥¼ êµ¬ìž…í–ˆìŠµë‹ˆë‹¤~  *^^*â€‹2021ë…„ì—ëŠ” 2ì›” ë§ì¯¤ì— ë¯¸ë¦¬ êµì²´í• ê¹Œ~ ì‹¶ë„¤ìš”~  *^^*â€‹í•œ ë°•ìŠ¤ëŠ” ê¼¬ë§ˆë‹˜ ë°© ì±…ìž¥ ìœ„ì— ì˜¬ë ¤ë‘ì—ˆì–´ìš”~â€‹â€‹ìƒˆ í•„í„°!í•˜ì–‘ í•˜ì–‘~~ê¹¨ë—ê¹¨ë—~â€‹ìœ¼ì•….. ì‚¬ìš©í•˜ë˜ í•„í„°..ì œê°€ ì²­ì†Œê¸°ë¡œ ì²­ì†Œí•œì§€ í•œë‹¬ ì•ˆëœ í•„í„°ì¸ë°..ë˜ ë¨¼ì§€ê°€ ì—„ì²­ ë¶™ì–´ìžˆë„¤ìš”..ìƒˆ í•„í„°ì™€ ë¹„êµí•˜ë‹ˆ, ìƒ‰ì€ ê²€ì •ê²€ì • ã… ã… â€‹ì´ë ‡ê²Œ ê³µê¸°ì— ë¨¼ì§€ê°€ ë§Žì€ê±°êµ°ìš” ã… ã… â€‹â€‹ìƒˆ í•„í„° ë„£ì–´ì£¼ê³ ~~ 1ë…„ê°„ ë¶€íƒí•´~~~â€‹â€‹#ê³µê¸°ì²­ì •ê¸°í•„í„°êµì²´#ê³µê¸°ì²­ì •ê¸°í•„í„°ì…€í”„êµì²´#ìœ„ë‹‰ìŠ¤ê³µê¸°ì²­ì •ê¸°í•„í„°êµì²´#ë°©ê³µê¸°ì²­ì •ê¸°í•„í„°êµì²´#ê±°ì‹¤ê³µê¸°ì²­ì •ê¸°í•„í„°êµì²´",5,0,0,69,15,0,"['1ë…„ë§ˆë‹¤ êµì²´í•´ì•¼í•˜ëŠ”ë° ì•ˆí•˜ê³  ìžˆë‹¤ê°€ê·¸ëƒ¥ ê³µì²­ ì˜·ë°©ì— ë°©ì¹˜ì¤‘ì´ì—ìš”ã… ã… í‘', 'í•„í„° êµ¬ìž…í•˜ì‹œê³  ì‚¬ìš©í•˜ì„¸ìš” ã… ã… í™•ì‹¤ížˆ ì‚¬ìš©í•˜ëŠ”ê²Œ ì¢‹ë”ë¼êµ¬ìš” ã… ã… ì´ëŸ°ê±° ì—†ì´ ì‚´ ìˆ˜ ìžˆëŠ” ì„¸ìƒì´ ë˜ì–´ì•¼ í•˜ëŠ”ë° ë§ì´ì£  ã… ã… ', 'í•„í„°êµì²´ ì¤‘ìš”! ì¿¡! ^^', 'ì •ë§ ì¤‘ìš”í•˜ì£ !í•„í„° ë³´ê³  .. ì‚¬ì§„ ë³´ê³ .. í•œë²ˆ ë” í—‰ ã… ã… ', 'ì €í¬ëŠ” 6ê°œì›”ì— í•œë²ˆì”© êµì²´í•˜ëŠ”ë° í•„í„°êµì²´ ì •ë§ ì¤‘ìš”í•œê±°ê°™ì•„ìš” ~', 'ì €ë„ ë§ˆìŒì€ 6ê°œì›” ë§ˆë‹¤ êµì²´ì¸ë°.. ìžê¾¸ ìžŠê²Œ ë˜ë”ë¼êµ¬ìš” ã…‹ã…‹ã…‹í•„í„° êµ¬ìž…í•˜ëŠ”ê²ƒë„ ê·¸ë ‡êµ¬ìš”..ì´ë²ˆì—ëŠ” í•˜ë‚˜ ìŸì—¬ë†¨ìœ¼ë‹ˆ~ ì˜¬ ì—°ë§ ì •ë„ì—ëŠ” êµì²´í•˜ë ¤êµ¬ìš”!', 'ì €í¬ë„ êµì²´í• ë•Œê°€ ë‹¤ê°€ì˜¤ëŠ”ë“¯..', 'ì€ê·¼ 6ê°œì›”~ 1ë…„ì´ ë¹ ë¥´ë”ë¼êµ¬ìš” ã… ã… ', 'ì˜¤~~ êµì²´í•˜ì‹œëŠ”ê±¸ ë³´ë‹ˆ ì €í¬ë„ êµì²´í•´ì•¼ë ë•Œê°€ ëœë“¯í•©ë‹ˆë‹¤!! ì—´ê¸°ê°€ ë‘ë µë„¤ì—¬ ã…‹ã…‹', 'ê³µê¸°ê°€ ë‹¬ë¼ì§ˆê²ƒ ê°™ìŠµë‹ˆë‹¤.ã…Žã…Ž', 'ìˆ˜ê³ í•˜ì…¨ìŠµë‹ˆë‹¤ ìž˜ë³´ê³ ê°‘ë‹ˆë‹¤', 'ì €ë„ ê³µê¸° ì²­ì •ê¸° í•„í„° êµì²´ ì•ˆí•œì§€ ì˜¤ëž˜ ëëŠ”ë°ì´ë²ˆ ê¸°íšŒì— í•´ì•¼ ê² ë„¤ìš” ã…Žã…Ž', 'ê³µê¸°ì²­ì •ê¸° í•„í„°ê°€ ìƒëª…ì´ë‹ˆ êµì²´í•  ë•Œë¥¼ ë†“ì¹˜ì§€ ì•Šì•„ì•¼ ë˜ê² ë„¤ìš”. ì„¸ì›”ì´ ì–¸ì œê°€ëŠ”ì§€ ë§¤ë²ˆ 2~3ì›” ë” ì§€ë‚˜ì„œ ê°ˆê²Œë˜ë„¤ìš”ã… ã… ']"
7,https://blog.naver.com/love_yulian?Redirect=Log&logNo=221839969615,"â€‹ì•„ì´ê°€ í¬ë©´ì„œê°„ì‹ê±°ë¦¬ì— ëŒ€í•œ ê³ ë¯¼ì´ ê³„ì†....(ìš”ë¦¬ëŠ” ê°™ì´ ì‚¬ëŠ” ì¹œì •ì—„ë§ˆê°€....ã…Žã…Ž)â€‹í™ˆì‡¼í•‘ì—ì„œ ì—ì–´í”„ë¼ì´ì–´ 20~30ë§Œì›ì„  ê¸°ì–µí•˜ë©°.....â€‹ì•„ì´ê°€ ìž˜ ì•ˆ ë¨¹ìœ¼ë©´êµ¬ìž… í›„ ìžë¦¬ë§Œ ì°¨ì§€í•  ê¸°ê³„(íœ´ë¡¬ë„, ì•ˆë§ˆì˜ìžë„...)ë¡œëˆì•„ê¹Œìš´....ê³ ë¯¼ë§Œ ê³„ì†...í•˜ë˜ ì¤‘â€‹ì‚¬ì´Œì§‘ì— ê°”ë‹¤ê°€5ë§ˆë„Œì§œë¦¬ #ì—ì–´í”„ë¼ì´ì–´ ìž˜ ì“´ë‹¤ëŠ” ì´ì•¼ê¸°ì—ì—„ë§ˆëž‘ ì €ë„ 5~6ë§Œì›ëŒ€ ì—ì–´í”„ë¼ì´ì–´ ê²€ìƒ‰í•´ë´¤ì–´ìš”!â€‹ê·¸ë‹¥ ì¼ê´€ì ì´ì§€ ì•Šì€ë§¤ìš° ê¹Œë‹¤ë¡œìš´ ì—„ë§ˆì˜ ì¡°ê±´ì„ í†µê³¼í•œ ê°€ì„±ë¹„ ì¢‹ì€ ì—ì–´í”„ë¼ì´ì–´ ì†Œê°œí•©ë‹ˆë‹¤â€‹3.6L ì—ìš”í°ì ‘ì‹œ í•œíŒ ì •ë„â€‹â€‹ê³ ì˜¨ ì—´ê¸°ë¡œ!â€‹ê¸°ë¦„ìœ¼ë¡œ íŠ€ê¸°ì§€ì•Šì•„ì„œíŽ¸í•˜ê¸°ë„ í•˜ê³ ê±´ê°•ì—ë„ ì¢‹ì£ !â€‹â€‹â€‹â€‹â€‹ì¹œì •ì—„ë§ˆê°€ í•´ì£¼ì‹   ì—°ê·¼ íŠ€ê¹€ë§›ë‚˜ìš”í›„ë¼ì´íŒ¬ì— ë°ìš°ë ¤ë©´ì˜†ì—ì„œ ì§€ì¼œë³´ë©°ë’¤ì§‘ì–´ì¤˜ì•¼ í•˜ëŠ”ë°ê± ë„£ê³  ëŒë¦¬ë©´ë˜ë‹ˆê°„íŽ¸!â€‹â€‹ê¸°ë¦„ì´ ê½¤ ë§ˆë‹ˆ ë¹ ì§€ë„¤ìš”!â€‹â€‹â€‹â€‹ì‹ ëž‘ë‹˜ í‡´ê·¼í•˜ê³  ì™€ì„œâ€‹ì—°ê·¼íŠ€ê¹€ëˆê°€ìŠ¤ë‘ë²ˆ ëŒë ¤ì¤ë‹ˆë‹¤â€‹ì²¨ì— ì œê°€ ë¨¹ì„ë•ŒëŠ” 180ë„ë¡œ í–ˆëŠ”ë°ë°”ì‚­í•˜ì§„ ì•Šì•„ì„œì‹ ëž‘í•´ì¤„ë• 190ë„ í–ˆë”ë‹ˆì¢‹ë„¤ìš”â€‹ã…‹ã…‹ë§Œì¡±â€‹â€‹â€‹â€‹ê·¸ëž˜ì„œ í™ˆì‡¼í•‘ ìˆœì‚´ë„ˆê²Ÿë„ ì£¼ë¬¸ â€‹â€‹â€‹ì´ì œ ê³§ ì‚´ì°ŒëŠ” ê²ƒë§Œ ë‚¨ì•˜.......â€‹â€‹â€‹ê¸°ë¦„ ì­‰ì­‰ ìž˜ë¹ ì§!â€‹ã…‹ã…‹ã…‹â€‹â€‹â€‹â€‹ì•„ì¹¨ì— ì‹ë¹µë„í† ìŠ¤í„°ê¸° ëŒ€ì‹  ì‚¬ìš©í•¨ ã…Žã…Žã…Ž",12,2,3,83,7,0,"['ì—ì–´í”„ë¼ì´ì–´ í•˜ë‚˜ ìžˆìœ¼ë©´ ê¸°ë¦„ì—†ì´ ìš”ë¦¬í•  ìˆ˜ ìžˆì–´ì„œ ë„˜ ì¢‹ì•„ìš©ã…‹ã…‹ã…‹', 'ë„¤ìš”ì¦˜ êµ¬ìž…í•œì§€ ì–¼ë§ˆì•ˆë˜ì„œë§¤ì¼ ì‚¬ìš©í•˜ê³  ìžˆì–´ìš” ã…Žã…Ž', 'ì—í”„ìžˆìœ¼ë©´ ë„˜ ì¢‹ì¥¬ã…œã…œ ì™„ì „ê°„íŽ¸', 'ë„¤~~ì •ë§ íŽ¸ë¦¬í•˜ë„¤ìš”~~']"
8,https://blog.naver.com/love_yulian?Redirect=Log&logNo=222404217258,"â€‹ìœ¼ì•„.. 1ë…„ì´ ë¹¨ë¦¬ ì§€ë‚˜ê°€ë„¤ìš”..ì‹ ë°œ ìž‘ë‹¤ê³  ìƒˆë¡œ ì‚¬ì„œ í¬ìŠ¤íŒ… í•œ ì‹ ë°œë“¤...â€‹â€‹â€‹ë‘˜ ë‹¤ ë§Žì´ ì‹ ì§€ ì•Šì•˜ëŠ”ë°..ì˜¬í•´ëŠ”... 2021ë…„ì—ëŠ”.. ìž‘ë”ë¼êµ¬ìš” ã… ã… ì„¸íƒí•´ì„œ,.. ë‹¤ë¥¸ ì§‘ì— ë¬¼ë ¤ì£¼ë ¤êµ¬ìš”..â€‹â€‹ìž‘ë…„ì— í•œ ì‚¬ì´ì¦ˆ í¬ê²Œ.. ìž˜ëª» êµ¬ìž…í•œ...ã…‹ã…‹ã…‹Kappa ìƒŒë‹¬.. ì„ ìž˜ ì‹ ê³  ìžˆìŠµë‹ˆë‹¤..â€‹ê·¸ê°„ ìƒˆë¡œ ìƒê¸´ ì‹ ë°œë“¤ë„ ê³µê°œí•©ë‹ˆë‹¤~~~(ì‹ ë˜ ì‹ ë°œ ì§€ì €ë¶„í•¨ ì£¼ì˜!!!) ã…‹ã…‹ã…‹â€‹#ì–´ë¦°ì´KappaìƒŒë‹¬190#ì–´ë¦°ì´ìƒŒë‹¬190#ì–´ë¦°ì´ìƒŒë‹¬180#ì–´ë¦°ì´ì•„ë””ë‹¤ìŠ¤ìš´ë™í™”190#ì–´ë¦°ì´ì•„ë””ë‹¤ìŠ¤ìš´ë™í™”180#ì–´ë¦°ì´ì•„ë””ë‹¤ìŠ¤ìš´ë™í™”200â€‹â€‹ë§¨ë°œë¡œ ì‹ ê¸° íŽ¸í•œ ìŠ¬ë¦½ì˜¨~ìš”ë²ˆ ì—¬ë¦„ ëë‚˜ë©´, ë˜ ìž‘ë‹¤ê³  í•  ê²ƒ ê°™ì•„ìš”..ì§€ê¸ˆë„ ì–‘ë§ì‹ ê³ ì„œëŠ” ëª» ì‹ ìŒ ã…‹ã…‹ã…‹â€‹ì˜¤ë¥¸ìª½ ì‚¬ì§„ì˜ ê¼¬ì§ˆê¼¬ì§ˆí•œ ìš´ë™í™” ëŒ€ì‹  êµ¬ìž…í•œ ì‚¬ì§„ ê°€ìš´ë°ì˜ ìŠ¤ì¼€ì³ìŠ¤ ìš´ë™í™”~ì‚´~ ì§ ë„‰ë„‰í•œ ì‚¬ì´ì¦ˆ ìž…ë‹ˆë‹¤..ê·¸ëž˜ì•¼ ë‚´ë…„ ë´„ê¹Œì§€ ì‹ ì£  ^^;;â€‹ì˜¤ë¥¸ìª½ ì•„ë””ë‹¤ìŠ¤ ìš´ë™í™”..ì‹ ìƒì´ì—ˆëŠ”ë°... (ê·¸ í•´ì—..) ì‚¬ì´ì¦ˆê°€ ì €ê±° ë°–ì— ì—†ì–´ì„œ..í•œì‚¬ì´ì¦ˆ í°ê±°ë¡œ ì„ ë¬¼ë°›ì•„ì„œ..ã…‹ã…‹ã…‹í•œí•´ ì‹ ë°œìž¥ì—ì„œ ì§€ë‚´ë‹¤~íŽ¸í•˜ë‹¤ê³  ì €ê±°ë§Œ ì‹ ì–´ì„œ ë„ˆë¬´ ê¼¬ì§ˆê¼¬ì§ˆ..ã…‹ã…‹ã…‹â€‹ê·¸ëž˜ë„ ì˜¬ ê°€ì„+ê²¨ìš¸ê¹Œì§€ë„ ì—´ì‹¬ížˆ ì‹ ì„ ìˆ˜ ìžˆì„ ê²ƒ ê°™ì•„ìš”~â€‹#ì–´ë¦°ì´ìŠ¤ì¼€ì³ìŠ¤ìš´ë™í™”190#ì–´ë¦°ì´ìŠ¤ì¼€ì³ìŠ¤ìš´ë™í™”180#ì–´ë¦°ì´ìŠ¤ì¼€ì³ìŠ¤ìš´ë™í™”200#ì–´ë¦°ì´ë°œíŽ¸í•œìŠ¬ë¦½ì˜¨190#ì–´ë¦°ì´ë°œíŽ¸í•œìŠ¬ë¦½ì˜¨180#ì–´ë¦°ì´ë°œíŽ¸í•œìŠ¬ë¦½ì˜¨200â€‹â€‹ê·¸ ìƒˆ ë˜ ìž‘ì•„ì„œ ëª» ì‹ ëŠ”ë‹¤ëŠ”.. ìŠˆíŽœ ìš´ë™í™”..ìž‘ë…„ì— ì„¸íƒí•´ì„œ ë³´ê´€í–ˆëŠ”ë°.. ì—­ì‹œ ë¬¼ë ¤ì¤˜ì•¼ í•˜ë„¤ìš”..â€‹ë´„ì— ìƒˆë¡œ ì„ ë¬¼ë°›ì€.. ë°˜ì§ì´ êµ¬ë‘..êµ¬ë‘ ì‹ ëŠ” ì„±ê²©ì´ ì•„ë‹ˆë¼ì„œ..ì§‘ ì•ˆì—ì„œë§Œ í•œ 3ë²ˆ ì‹ ì—ˆë‚˜ìš”?ì—¬ë¦„ ì§€ë‚˜ë©´ ë˜ ìž‘ì•„ì„œ ëª» ì‹ ì„ ê²ƒ ê°™ì€ë° ã… ã… â€‹ê³±ê²Œ.. ë¬¼ë ¤ì¤˜ì•¼ ê² ë„¤ìš” ã…Žã…Žã…Žâ€‹ë¬¼ë ¤ì¤„ ì‹ ë°œì´ 4ê°œë‚˜ ë˜ë„¤ìš”~ ã…‹ã…‹ã…‹â€‹â€‹#ì–´ë¦°ì´ìŠˆíŽœìš´ë™í™”190#ì–´ë¦°ì´ìŠˆíŽœìš´ë™í™”180#ì–´ë¦°ì´ìŠˆíŽœìš´ë™í™”200#ì–´ë¦°ì´ìŠˆíŽœìŠ¬ë¦½ì˜¨190#ì–´ë¦°ì´ìŠˆíŽœìŠ¬ë¦½ì˜¨180#ì–´ë¦°ì´ìŠˆíŽœìŠ¬ë¦½ì˜¨200",6,0,0,131,9,0,"['ìƒ‰ê¹”ì´ ê³±ìŠµë‹ˆë‹¤.^^  ì €í¬ëŠ” ëª¨ë‘ ë¸”ëž™ë¸”ëž™ í•©ë‹ˆë‹¤.^^;', 'ë§ì”€í•´ì£¼ì…”ì„œ ìƒê°í•´ë³´ë‹ˆ.. ì•„ë¬´ëž˜ë„ ë”¸ì•„ì´ë¼.. ì˜¨ê°– ìƒ‰ìƒì´ ë‹¤ ìžˆê¸´ í•˜ë„¤ìš” ã…Žã…Žã…Ž', 'ìƒŒë‹¬ ë„˜ ê·€ì—½ê³  ì˜ˆë»ìš” ã…Žã…Žìž˜ë³´ê³  ë¨¸ë¬¼ë‹¤ ê°‘ë‹ˆë‹¹..í•­ìƒ ê°ì‚¬ë“œë¦¬ê³  ì‘ì›í•´ìš©', 'í•­ìƒ ë©‹ì§„ í¬ìŠ¤íŒ… ì €ë„ ì‘ì›í•©ë‹ˆë‹¤~', '', 'ê°ì‚¬í•©ë‹ˆë‹¤~', 'ë°œì´ ê¸ˆë°© í¬ëŠ” ì•„ì´ë“¤..ì‚¬ì£¼ê³  ì–¼ë§ˆ ëª»ì‹ ê³  ë¬¼ë ¤ì£¼ê³ ..ã…Žã…Ž ë‹¤ ë˜‘ê°™ë„¤ìš”~^^', 'ì •ë§ ì–´ë–¤ì‹ ë°œì€ 3ë²ˆ ì‹ ê³  ëë‚˜ìš”ã… ã… ']"
9,https://blog.naver.com/love_yulian?Redirect=Log&logNo=222445043815,"ê±´ì¡°ê¸°ë¥¼ ì‚¬ìš©í•˜ë©´ì„œì„¸íƒì‹œì— ìœ ì—°ì œ ëŒ€ì‹ ê±´ì¡°ê¸°ì— ë„£ëŠ” ê±´ì¡°ê¸°ì„¬ìœ ìœ ì—°ì œë“œë¼ì´ì‹œíŠ¸ë¥¼ ì‚¬ìš©í•˜ê³  ìžˆì–´ìš”~â€‹â€‹ê±´ì¡°ê¸° ëŒë¦´ë•Œ ì •ì „ê¸°ë°©ì§€ë„ ë˜ê³ ê±´ì¡°ê¸° ëŒë¦° í›„ì— ë¹¨ëž˜ë¥¼ êº¼ë‚¼ ë•Œí–¥ê¸°ë¡œì›€ ê°€ë“í•œ ê²ƒì´ ì¢‹ê±°ë“ ìš”~â€‹í–¥ì¢‹ì€ì„¬ìœ ìœ ì—°ì œë½€ë½€í–¥ë°© ì¶”ì²œë“œë ¤ìš”~â€‹â€‹í•˜ì§€ë§Œ ê±´ì¡°ê¸°ì„¬ìœ ìœ ì—°ì œë¥¼ì •ì „ê¸°ë°©ì§€ì™€ í–¥ë§Œ ë³¼ ìˆœ ì—†ì£ ì§‘ì— ê¼¬ë§ˆë‹˜ì´ ìžˆì–´ì„œìœ ì•„ë‚˜ ì–´ë¦°ì´ì—ê²Œë„ ìžê·¹ ì—†ëŠ”ìœ ì—°ì œì—¬ì•¼ í•´ìš”!â€‹â€‹17ê°€ì§€ ìœ í•´ì„±ë¶„ ë‚©, ì¹´ë“œë®´, ì•ˆí‹°ëª¬, í¼ì•Œë°í•˜ì´ë“œ,ë²¤ì  , ë¸Œë¡¬í™”ì—í‹¸, ì—¼í™”ë¹„ë‹,MIT, CMIT, BIT, ë©”í‹¸íŒŒë¼ë²¤,ì—í‹¸íŒŒë¼ë²¤, í”„ë¡œí•„íŒŒë¼ë²¤, íŠ¸ë¦¬í´ë¡œì‚°,í˜•ê´‘ì¦ë°±ì œ, ëŒ€ìž¥ê· , ë¯¸ì„¸í”Œë¼ìŠ¤í‹±, í™©ìƒ‰í¬ë„ìƒêµ¬ê· ì´ ê²€ì¶œ ë˜ì§€ì•Šì€ ì•ˆì „í•œ ê±´ì¡°ê¸°ì„¬ìœ ìœ ì—°ì œë¡œ ì•„ì´ë‚˜ í”¼ë¶€ê°€ ë¯¼ê°í•˜ì‹ ë¶„ë„ ì•ˆì‹¬í•˜ê³  ì‚¬ìš©í•˜ì‹¤ìˆ˜ ìžˆì–´ìš”~â€‹â€‹ë½€ë½€í–¥ë°©ì´ë¦„ì´ ì˜ˆì˜ì£ ?ë½€ì†¡ë½€ì†¡í•œ ë¹¨ëž˜ì—ì„œí–¥ê¸‹í•œ ë‚´ìŒì´ ë‚  ë•Œì˜ë°©ê¸‹ ë¯¸ì†Œ ì§“ëŠ” ìˆœê°„ì„ í˜•ìƒí™”í•œë½€ì†¡ë½€ì†¡ í–¥ê¸‹ë°©ê¸‹ì˜ ì¤„ìž„ë§ì´ëž˜ìš”~ê·€ìš¤ê·€ìš¤í•˜ë„¤ìš”~â€‹â€‹ë¯¸ì„¸í”Œë¼ìŠ¤í‹±, ìœ„í•´ì„±ë¶„ì€ ì—†ê³ í”¼ë¶€ìžê·¹ í…ŒìŠ¤íŠ¸, í–¥ê·  í…ŒìŠ¤íŠ¸,íƒˆì·¨ í…ŒìŠ¤íŠ¸ëŠ” í†µê³¼í•œí”¼ë¶€ ìžê·¹ ì—†ëŠ” í–¥ì¢‹ì€ì„¬ìœ ìœ ì—°ì œë½€ë½€í–¥ë°©â€‹â€‹ì„¬ìœ ìœ ì—°, ì •ì „ê¸°ë°©ì§€,í–¥ê¸°ê¹Œì§€~3ê°€ì§€ ê¸°ëŠ¥ì„ ë½€ë½€í–¥ë°© ë“œë¼ì´ì‹œíŠ¸ í•œìž¥ìœ¼ë¡œ ì†ì‰½ê²Œ ì¼€ì–´í•  ìˆ˜ ìžˆì–´ìš”~â€‹â€‹ë°•ìŠ¤ ì†ì— ë‚±ê°œ í¬ìž¥ë˜ì–´ ìžˆëŠ”ê±´ì¡°ê¸°ì„¬ìœ ìœ ì—°ì œë¼í•œìž¥ì”© ìœ„ìƒì ì´ì—ìš”~â€‹ë˜ ê°œë³„ í¬ìž¥ì´ë¼ íœ´ëŒ€ê°€ ê°„íŽ¸í•´ì„œìž¥ê¸° ì—¬í–‰ì„ ê°ˆë•Œë„ íŽ¸ë¦¬í•˜ë‹µë‹ˆë‹¤~â€‹â€‹ë½€ë½€í–¥ë°©ì€ ê³ ì˜¨ì˜ ê±´ì¡°ê¸° ì‚¬ìš©í›„ì—ë„í–¥ì´ ì§„í•˜ê³  ì˜¤ëž˜ë‚¨ëŠ”ê²Œ ê°€ìž¥ í° íŠ¹ìž¥ì ì´ì—ìš”~â€‹ìŠ¤í”„ë§ ë¼ì¼ë½ í–¥ì´~ê°€ë“~â€‹ì¼ë°˜ ë“œë¼ì´ì‹œíŠ¸ì™€ ë‹¤ë¥´ê²Œ ìˆ˜ë¶„ì„ í•¨ìœ í•œ ì´‰ì´‰í•œ ìœ ì—°ì œë¡œ í–¥ìˆ˜ì„ ë¿Œë¦°ë“¯ ì€ì€í•œ í–¥ì´ ì˜¤~~ëž˜ ë‚¨ëŠ”í–¥ì¢‹ì€ì„¬ìœ ìœ ì—°ì œì—ìš”~â€‹â€‹ì—¬ë¦„ì—ëŠ” ë¹¨ëž˜ í›„ì— ê±´ì¡°ê°€ ìž˜ëª»ë˜ë©´ê¿‰ê¿‰í•œ ëƒ„ìƒˆê°€ ë‚  ë•Œë„ ìžˆëŠ”ë°,ë½€ë½€í–¥ë°© ë•ë¶„ì— ì€ì€í•œ ë¼ì¼ë½ í–¥ê¸° ê°€ë“~â€‹â€‹ê±´ì¡°ê¸°ì„¬ìœ ìœ ì—°ì œ ì‚¬ìš© ì‹œ ìœ í•´ì„±ë¶„ ë“±ìœ¼ë¡œ ë¯¼ê°í•œ í”¼ë¶€ì— íŠ¸ëŸ¬ë¸”ì´ ê±±ì •ë˜ì‹œëŠ” ë¶„ë“¤~â€‹ê±´ì¡°ê¸°ë¥¼ ëŒë¦¬ë©´ì •ì „ê¸°ê°€ ë‚˜ê±°ë‚˜,ì˜·ê°ì´ ë»£ë»£í•´ì„œ ë¶ˆíŽ¸í•˜ì…¨ë˜ ë¶„ë“¤~â€‹â€‹ë¨¸ìŠ¤í¬, ìš°ë””, ì•°ë²„ì˜ Base Noteë¼ì¼ë½, ê°€ë“œë¦¬ì•„ì˜ Middle Noteì‚¬ê³¼, ë³µìˆ­ì•„, ì•„ì¿ ì•„ì˜ Top Noteâ€‹í–¥ìˆ˜ê°€ í•„ìš”ì—†ëŠ” ë½€ë½€í–¥ë°©í–¥ì¢‹ì€ì„¬ìœ ìœ ì—°ì œë¡œì€ì€í•˜ê²Œ ì˜¤~~ëž˜ ë‚¨ëŠ” í–¥ê¸°ë¡œê¸°ë¶„ì¢‹ì€ í–¥ê¸‹ë°©ê¸‹ ë¯¸ì†Œ ë‹´ì•„ë´ìš”~â€‹â€‹ê±´ì¡°ê¸°ì„¬ìœ ìœ ì—°ì œë¡œ ì‚¬ìš©í•œ í›„ì—ë„ì¢‹ì€ í–¥ì´ ë‚¨ì•„ìžˆì–´ì„œì €ëŠ” ì„œëžìž¥ì— ë½€ë½€í–¥ë°© ë„£ì–´ë‘”ë‹µë‹ˆë‹¤~â€‹ê½¤ ì˜¤ëžœ ì‹œê°„ ì€ì€í•˜ê²Œ í–¥ì´ ë‚¨ì•„ìžˆê±°ë“ ìš”~â€‹íŠ¹ížˆ ì•„ë¹  ì–‘ë§ ì„œëžì— ê¼­ê¼­ ë„£ì–´ì¤˜ìš”~ ã…Žã…Žã…Žâ€‹ì •ì „ê¸° ë°©ì§€ëŠ” ë¬¼ë¡ ,ì„¬ìœ ìœ ì—°ê³¼ ì¢‹ì€ í–¥ê¸°ê¹Œì§€~â€‹í–¥ê¸°ë¡œìš´ ë½€ë½€í–¥ë°© ì„¬ìœ ìœ ì—°ì œì¶”ì²œ í•©ë‹ˆë‹¤~#ë½€ë½€í–¥ë°© #ì„¬ìœ ìœ ì—°ì œì¶”ì²œ#ê±´ì¡°ê¸°ì„¬ìœ ìœ ì—°ì œ #í–¥ì¢‹ì€ì„¬ìœ ìœ ì—°ì œ#ì •ì „ê¸°ë°©ì§€ #ìœ ì—°ì œ #ë“œë¼ì´ì‹œíŠ¸",23,1,4,195,7,2,"['ì˜¤ ìš”ê±° ì¢‹ë„¤ìš”~ ì €ë„ ìµœê·¼ì— ë¯¸ë‹ˆê±´ì¡°ê¸°ê°€ í•˜ë‚˜ìƒê²¨ì„œ ê±´ì¡°ê¸° ë“œë¼ì´ì‹œíŠ¸ì°¾ê³ ìžˆì—ˆëŠ”ë° ì¨ë´ì•¼ê² ì–´ì—½â™¡', 'ê¿€íŒìž…ë‹ˆë‹¤~^^ê³ ë§™ìŠµë‹ˆë‹¤~ íŽ¸í•œ ë°¤ ë³´ë‚´ì„¸ìš”', 'ì˜¤~~â™¡  ê±´ì¡°ê¸°ìš©ë„ ìžˆì—ˆêµ°ìš”!ê¸‰ ê´€ì‹¬ì„ ê°€ì ¸ë´…ë‹ˆë‹¤.~~â™¡', 'ìš°ì™• ê°œë³„í¬ìž¥ì— ëˆˆì´ í˜¹ ê°€ë„¤ìš”~~~ê¾¹!', 'ì˜¤~í–¥ê¸° ì¢‹ê²Œ ì˜¤ëž˜ì˜¤ëž˜~íŠ¹ížˆ ì•„ë¹ ì–‘ë§..ê²©í•˜ê²Œ ê³µê°ì„..ã…Ž']"
10,https://blog.naver.com/love_yulian?Redirect=Log&logNo=222205629764,"ì•„í•˜í•˜... ì§‘ì— ì˜¨ì§€ëŠ” 1ë…„ í•˜ê³  2ë‹¬ê·¸ëŸ°ë° ë¨¸ë¦¬ëŠ” 2ë‹¬ë§Œì— ë‚œë¦¬ì—¿êµ°ìš”..â€‹ì´ëŸ° ìš°ì—°ížˆ ìžˆë‚˜ìš”!ì–´ì œ ì €í¬ ì§‘ì— #êµ¬ì²´ê´€ì ˆì¸í˜• í•œ ë¶„ì´ ìƒˆë¡œ ì˜¤ì…¨ì–´ìš”â€‹ì €í¬ì§‘ì€ ì¸í˜• ì¶”ê°€ ê¸ˆì§€ì¸ë° ã… ã… ìžê¾¸ ëˆ„ê°€ ì„ ë¬¼ì„ ì£¼ì‹œë„¤ìš” ã… ã… â€‹ê°ì‚¬í•œë°... ì•ˆ ê°ì‚¬í•œ.. ì´ ê¸°ë¶„..ê¼¬ë§ˆë‹˜ë§Œ ì‹ ë‚¬ì£ !â€‹â€‹ì œ ìš”ê°€ë§¤íŠ¸ ìœ„ì— ì¸í˜•ë“¤ì„ ë‚˜ëž€ížˆ ëˆ•í˜€ë†“ê³  ì´ë¶ˆ ë®ì–´ ìž¬ìš°ê³ ëŠ” ìœ ì¹˜ì› ê°€ì…¨ë„¤ìš”..â€‹1ë…„ì „ ì˜¤ëŠ˜ì— ë“±ìž¥í•œ...ì˜ˆìœ ì•„ë¦¬ì•„...ë¨¸ë¦¬ì¹´ë½ì´ ã… ã… 1ë…„ê°„ ê³ ìƒì´ ë§Žì•˜ì–´ìš” â€‹ì•ˆê·¸ëž˜ë„ ë¨¸ë¦¬ì¹´ë½ ì—‰í‚¨ê±° ì¢€ ìž˜ë¼ì£¼ê³ , í’€ì–´ì£¼ë ¤ê³  ìƒê°í•˜ê³  ìžˆì—ˆëŠ”ë°,1ë…„ ì „ ì˜¤ëŠ˜ #ì—‰í‚¨ë¨¸ë¦¬ì¹´ë½í’€ê¸° í¬ìŠ¤íŒ…ì´ë¼ë‹ˆ!!! ã…‹ã…‹ã…‹â€‹â€‹ì´ ì¹œêµ¬ê°€ ìƒˆë¡œ ì™”ì–´ìš”!ì •ë§ ì˜ˆì˜ì£ !ì†ëˆˆì¹ì´ ìƒ¤ë¼ë½~~~~â€‹ë¨¸ë¦¬ì¹´ë½ë„ í•˜ë‚˜ë„ ì•ˆ ì—‰ì¼œìžˆì–´ìš”!ì´ë²ˆ ì¹œêµ¬ëŠ” ë¨¸ë¦¬ì¹´ë½ì„ ì†Œì¤‘ížˆ ë‹¤ë£¨ê¸°ë¡œê¼¬ë§ˆë‹˜ì´ ì•½ì†í–ˆë‹µë‹ˆë‹¤â€‹í•˜ì´ë”” ì†Œê°œëŠ” ì¡°ë§Œê°„ ë‹¤ì‹œ í• ê»˜ìš”~â€‹https://coupa.ng/bPn8A7 â€œíŒŒíŠ¸ë„ˆìŠ¤ í™œë™ì„ í†µí•´ ì¼ì •ì•¡ì˜ ìˆ˜ìˆ˜ë£Œë¥¼ ì œê³µë°›ì„ ìˆ˜ ìžˆìŒâ€‹â€‹ê¸°ì¡´ì— ìžˆë˜ ì¸í˜• #ì•„ë¦¬ì•„ ëŠ” ì†ëˆˆì¹ì´ ë‹¤ ì‚¬ë¼ì¡Œì–´ìš” ã… ã… â€‹ê·¸ëž˜ì„œ ê¼¬ë§ˆë‹˜ì´ ì œ ë¶™ì´ëŠ” ì†ëˆˆì¹ì„ íƒë‚´ë”ë¼êµ¬ìš”!ã…‹ã…‹ã…‹ì•„ë¦¬ì•„ ì¢€ ë¶™ì—¬ì£¼ëž˜ìš” ã…Žã…Žã…Žì•„ ã… ã… â€‹ì•„ë¦¬ì•„ ë¯¸ì•ˆí•´ ã… ã… â€‹1ë…„ê°„ ì •ë§ ê³ ìƒì´ ë§Žì•˜ì–´..â€‹ì´ë ‡ê²Œ ì˜ˆìœ ì•„ë¦¬ì•„ì¸ë°,ê¼¬ë§ˆë‹˜ì´ í™”ìž¥í•´ ì¤€ë‹¤ê³ , ë„¤ìž„íŽœìœ¼ë¡œ ëˆˆì¹ë„ ê·¸ë¦¬ê³ (ì•„ë¬´ë¦¬í•´ë„ ì•ˆ ì§€ì›Œì¡ŒëŠ”ë°,ì–´ì œ ê¼¬ë§ˆë‹˜ì´ ìš°ì—°ížˆ!!!ë°¤ì— ì•¡ì²´ ë°©í–¥ì œ ë¬»í˜”ë”ë‹ˆ ì§€ì›Œì§€ëŠ”ê±° ìžˆì£ !!!) â€‹ì—´ì‹¬ížˆ í™œë™í•˜ëŠë¼, ì†ëˆˆì¹ë„ ë‹¤ ì‚¬ë¼ì§€ê³ ,ë¨¸ë¦¬ì¹´ë½ì€ ë‹¤ ì—‰í‚¤ê³ , ì‹¬ì§€ì–´ ë‘í”¼ì— ê³ ì •ì´ ì•ˆë˜ì„œ ã… ã… â€‹ìš°ì„  ë¨¸ë¦¬ì¹´ë½ë¶€í„° ì–´ëŠì •ë„ ì •ë¦¬í•œ í›„ì—ë‹¤ì‹œ ë‘í”¼ì— ê³ ì •í•˜ë ¤êµ¬ìš”!â€‹https://coupa.ng/bPnVfH â€œíŒŒíŠ¸ë„ˆìŠ¤ í™œë™ì„ í†µí•´ ì¼ì •ì•¡ì˜ ìˆ˜ìˆ˜ë£Œë¥¼ ì œê³µë°›ì„ ìˆ˜ ìžˆìŒâ€‹ì´ëŸ° ì‹¬ê°í•œ ìƒíƒœëžë‹ˆë‹¤ ã… ã… ê¼¬ë§ˆë‹˜ ì—†ëŠ” ë™ì•ˆ ì œê°€ ë„ˆë¬´ ì‹¬ê°í•œ ë¶€ë¶„ì€ ì¢€ ìž˜ëžì–´ìš”ì¸í˜• ë¨¸ë¦¬ ì•ˆ ì—‰í‚¤ëŠ” ìž¬ì§ˆë¡œ ë§Œë“¤ ìˆœ ì—†ë‚˜ìš” ã… ã… â€‹ê¼¬ë§ˆë‹˜ ì˜¤ë©´, ì €ë… ìƒ¤ì›Œ ì‹œê°„ì—ì•„ë¦¬ì•„ ë¨¸ë¦¬ì¹´ë½ë„ í•´ê²°í•´ë³´ë µë‹ˆë‹¤!â€‹ì „ì—ëŠ” íŠ¸ë¦¬íŠ¸ë¨¼íŠ¸ë¡œ í–ˆì—ˆëŠ”ë°,ì„¬ìœ ìœ ì—°ì œë¡œ í•˜ë¼ëŠ” í›„ê¸°ê°€ ë§Žì•„ì„œì˜¤ëŠ˜ì€ ì„¬ìœ ìœ ì—°ì œë¡œ í•´ë³´ê²ŸìŠµë‹ˆë‹¤!â€‹â€‹ë‹¤*ë‹ˆ ì„¬ìœ ìœ ì—°ì œì— í•œ 10ë¶„ ë‹´ê°€ë‘ê³ ì‚´ì‚´ ì†ê³¼ ë¹—ìœ¼ë¡œ ë¹—ì§ˆ í•´ì£¼ì—ˆëŠ”ë°ì‚¬ì‹¤ ìž˜ ëª¨ë¥´ê² ì–´ìš” ã…Žã…Žã…Žâ€‹â€‹ì–´ë–¤ê°€ìš”~~ë‹¤*ë‹ˆ í–¥ê¸° ì†”ì†”~~ ì¢‹ë„¤ìš”~~ì–¼í• ë³´ê¸°ì—” ì¢€ ë¶€ë“œëŸ¬ì›Œ ì§€ê³ , ë‚˜ì˜ì§€ ì•Šì€ë°...ìš” ì•„ëž˜ìª½ ì²˜ëŸ¼ ì»¬ì´ ì‚´ëž‘ì‚´ëž‘~~â€‹ë¬¸ì œëŠ”!!!â€‹â€‹ì´ëŸ° ë¶€ë¶„ì´ì£ !ì´ë ‡ê²Œ ë˜ë²„ë¦¬ë©´, ì´ê±´ ë³µêµ¬ê°€ ì•ˆë˜ëŠ”ê±° ê°™ì•„ìš”!ì €ëŠ” ìž˜ë¼ë²„ë¦¬ê¸°ë¡œ ê²°ì •í•©ë‹ˆë‹¤!â€‹â€‹ìš”ë ‡ê²Œ~ ë©€ì©¡í•œ ë¶€ë¶„ì€ ê·¸ëƒ¥ ë‘˜êº¼ì§€ë§Œ~ì´ìƒí•œ ë¶€ë¶„ì€ ìž˜ëžìŠµë‹ˆë‹¤!ë” ìžë¥´ê³  ì‹¶ì§€ë§Œ, ì°¸ì•˜ì–´ìš”!ìš°ì„  í•œ 6ê°œì›”.... ì§€ì¼œë³´ë ¤êµ¬ìš”!â€‹â€‹í•˜ì´ë””ì™€ ì•„ë¦¬ì•„~ì•„ë¦¬ì•„ëŠ” ë‘í”¼ì— ì–‘ë©´í…Œì´í”„ë¡œ ìš°ì„  ê³ ì •í–ˆì–´ìš”!ê·¸ ë™ì•ˆì€ ê³ ì • ëˆëˆì´ë„ ì´ìƒí•˜ê²Œ ë˜ì„œ,ê³„ì† ë²—ê²¨ì¡Œê±°ë“ ìš”..ìš°ì„ ... ì–‘ë©´í…Œì´í”„ë¡œ í•´ë³´ê³ ..ì™„ì „ ê³ ì •ì‹œí‚¤ë©´, ë¨¸ë¦¬ì¹´ë½ ìƒ´í‘¸ê°€ ì•ˆë˜ë‹ˆê¹Œ...ìš°ì„ ì€ ì§€ì¼œë³¼ê¼ìš”~â€‹í•˜ì´ë””ëŠ” ë¨¸ë¦¬ì¹´ë½ ìžì²´ê°€ ìž¬ì§ˆì´ ì¢€ ë‹¬ë¼ìš”..ìž˜ ì•ˆ ì—‰í‚¬ ê²ƒ ê°™ì€ ìž¬ì§ˆì´ì—ìš”!ì•ˆ ì—‰í‚¤ê¸¸.... ê¸°ëŒ€í•´ë´…ë‹ˆë‹¤~â€‹â€‹ì•„ë¦¬ì•„... ì—„ì²­ ì˜¤ëž˜ëœ ì¤„ ì•Œì•˜ëŠ”ë°,1ë…„ ì¡°ê¸ˆ ë„˜ì—‡ë„¤ìš”~í•œìª½ ì†ì´ ë¶„ë¦¬ë˜ì—ˆëŠ”ë°, ê°•ë ¥ë³¸ë“œë¡œ ë¶™ì§€ ì•Šì•„ìš” ã… ã… â€‹1ë…„ ë” ì§€ì¼œë³´ë‹¤ê°€, ê³„ì† ë‘˜ê±°ë©´,íŒ”ì„ ìƒˆë¡œ ì‚¬ì„œ, êµì²´í•´ ì¤˜ì•¼ê² ì–´ìš” ã… ã… â€‹â€‹ì´í‹€ ì—°ì† ì—´ì‹¬ížˆ ìš´ë™í–ˆë„¤ìš”!ê³¼ìŒë„ í•˜êµ¬ìš” ã…‹ã…‹ã…‹â€‹ì—­ì‹œ ê²°í˜¼ ì „ì´ë¼... ì‹ ë‚˜ëŠ” ë¼ì´í”„ ì˜€êµ°ìš”!â€‹â€‹ì—°ë§ì •ì‚° í™˜ê¸‰ê¸ˆì„ ë†’ì´ê¸° ìœ„í•´ì‹ ìš©ì¹´ë“œ ëŒ€ì‹  ì²´í¬ì¹´ë“œ ì‚¬ìš©í•˜ê¸°!â€‹2020ë…„ì—ëŠ” ì½”ë¡œë‚˜ ë•Œë¬¸ì— ì›” ë³„ë¡œí™˜ê¸‰ ë¹„ìœ¨ì´ ë‹¤ë¥´ë˜ë°, 2021ë…„ì€ ë˜ ë¨¼ê°€ ë§Žì´ ë°”ë€Œì—ˆë˜ë°!â€‹ìš”ê±°ë„ ì¡°ë§Œê°„ ìžì„¸ížˆ ì•Œì•„ë³¼ê²Œìš”!â€‹â€‹ì™€ìš° 2010ë…„ ã…Žã…Žã…Ží˜¼ìžì—¬í–‰ì— í‘¹~ ë¹ ì ¸ìžˆë˜ ì‹œì ˆì´ì£ !ì € ë…¸ëž€ í‹°ì…”ì¸ ëŠ” ì‹ ëž‘ì´ëž‘ ì»¤í”Œí‹°ì˜€ëŠ”ë°,ã…‹ã…‹ã…‹ë‘˜ ë‹¤ ì–´ë””ìžˆì„ê¹Œìš”? ã…‹ã…‹ã…‹",21,0,0,318,18,0,"['ìž˜ë•Œ í—¤ì–´ë¥¼ ë²—ê³  ìžëŠ” ë“¯í•œ ëŠë‚Œ! ì˜›ë‚  ì˜êµ­ ê·€ì¡±ë“¤ì´ ë‚¨ìžë‚˜ ì—¬ìžë‚˜ ë¨¸ë¦¬ëŠ” ë‹¤ ë²—ê³  ìž¤ë‹¤ëŠ”ê±°...ì´ê²Œ ë– ì˜¬ë¼ìš”!', 'ì•„ ã…‹ã…‹ã…‹ ê·¸ìµ¸ ì˜ˆì „ì— ì§ìœ„ë§Œí¼ í° ê°€ë°œ ì¼ë‹¤ê³  í•˜ë”ë¼êµ¬ìš” ã…Žã…Žã…Ž', 'ì €í¬ì§‘ì—ì„œëŠ” ë„ì €ížˆ ë³¼ìˆ˜ ì—†ëŠ” ìž¥ë‚œê°!!! ã…Žã…Žì‹­ë…„ì „ ì‚¬ì§„ë³´ë‹ˆì¶”ì–µ ë‹ê² ì–´ìš”~~^^', 'í™•ì‹¤ížˆ ì•„ë“¤ vs ë”¸ ë§Žì´ ë‹¤ë¥´ì£ ?  *^^*ì˜ˆì „ ê¸€ ë³´ë©´, ì¢‹ê¸´ í•˜ë„¤ìš”~~~  *^^*', 'ë‚˜ëž€ížˆ ëˆ„ì›ŒìžˆëŠ”ê±° ê·€ì—¬ì›Œìš¯', 'ì•„ ã… ã…  ì €í¬ì§‘ì´ ì›Œë‚™ ë§¥ì‹œë©€ì´ë¼ ë‹¤ ë³´ì—¬ë“œë¦´ìˆ˜ ì—†ì§€ë§Œ...ì € ì™¸ì—ë„ ... 50ê°œ ë„˜ëŠ” ì¸í˜•ë“¤ì´... ì¤„ ì„œ ìž‡ê±°ë‚˜....ë¯¸ë‹ˆë¯¸ë‹ˆ ëª°ëž‘ì´ë„ 20ê°œ ê°€ê¹Œì´.... ì¤„ ì„œ ìž‡ê±°ë‚˜....ì €í¬ì§‘ì€ ê°„íŒë§Œ ë‹¬ë©´, ì„ ë¬¼ì˜ ì§‘ ìž…ë‹ˆë‹¤', 'ì•ˆë…•í•˜ì„¸ìš” ^^ì˜¤ëŠ˜ í•˜ë£¨ ì¦ê²ê²Œ ë³´ë‚´ì‹œêµ¬ ìžì£¼ìžì£¼ ë†€ëŸ¬ì˜¬ê¼ìš©>.<', 'ê°ì‚¬í•©ë‹ˆë‹¤~~~', 'ã…‹ã…‹ ì¸í˜•ì´ ì§„ì§œ ì´ì˜ë„¤ìš”!! ã…Žã…Ž 8ì„¸ì´í•˜ì—ê²ŒëŠ” ì´ë¥´ë‹¤ëŠ” ë§ì´ ê³µê°ë˜ëŠ” í¬ìŠ¤íŒ…ì´ë„¤ìš”ã…œê³ ìƒë§Žì•˜ë”°', 'ë„¤~~ ë„ˆë¬´ ì˜ˆìœë°.... ì•„ì´ê°€ ì–´ë¦´ë•Œ ê³ ì˜ëŠ” ì•„ë‹ˆì§€ë§Œ, ë§‰ ë‹¤ë£¨ê²Œ ë˜ì„œìš”..ë³¸ì¸ì€ ì˜ˆì˜ê²Œ í™”ìž¥í•´ ì¤€ë‹¤ê³ ... íŽœìœ¼ë¡œ...ã… ã… ê·¸ëž˜ë„ ìš°ì—°ížˆ ë³¸ì¸ì´.... ì§€ìš¸ ìˆ˜ ìžˆëŠ” ë°©ë²•ì„ ë°œê²¬í•´ì„œ..ì¢€ ê°œì„ ë˜ì–´ì„œ ë‹¤í–‰ì´ì—ìš” ã…Žã…Žã…Žë„¤ì½”ë‹˜... ë‚¨ìžë¶„ì´ì‹œì£ ?ì „ í•­ìƒ ì—¬ìžë¶„ ê°™ì€ ëŠë‚Œì´.... ^^;;', 'ã…‹ã…‹ã…‹ê°€ë” ì™€ì´í”„ê°€ í¬ìŠ¤íŒ…í•˜ê³  ëŒ“ê¸€ê³¼ í‰ì†Œí¬ìŠ¤íŒ…ì€ ì œê°€í•´ìš”ã…Žã…Ž', ""ì•„~~ ê·¸ëŸ¬ì‹œêµ°ìš”~~ì €ë²ˆì— ëŒ“ê¸€ì—ì„œë„ 'ì™€ì´í”„' ë¼ê³  ì–¸ê¸‰í•˜ì…¨ëŠ”ë°,ì¢…ì¢… ë§íˆ¬ê°€ ì—¬ìžë¶„ê°™ê¸°ë„ í•´ì„œìš” ã…Žã…Žã…Ž"", 'ã…‹ã…‹ã…‹ã…‹ã…‹ã…‹ã…‹ã…‹ã…‹ ëª¨ë°œì´ì‹ ìˆ˜ìˆ  ì„±ê³µì´ë„¤ìš”~ ë‹¤ìš°ë‹ˆ í–¥ ë‚˜ì„œ ê¼¬ë§ˆë‹˜ì´ ê°€ì§€ê³  ë†€ê¸° ì¢‹ì„ ê±° ê°™ì•„ìš” ã…Žã…Žã…Žì´ë¶ˆ ë®ê³  ìœ ì¹˜ì› ê°”ë‹¤ëŠ”ê²Œ ë„ˆë¬´ ê·€ì—½ë„¤ìš” ã…Žã…Ž', 'ê¼¬ë§ˆë‹˜ì€ ìœ ì¹˜ì›ì— ê°”ì§€ë§Œ, ê¼¬ë§ˆë‹˜ì˜ ìž”í•´ë“¤ì´ ì˜¨ ì§‘ì•ˆì„ ì°¨ì§€í•˜ê³  ìžˆìŠµë‹ˆë‹¤ ã… ã… ', 'ì²«ì°Œ ìƒì¼ë˜ë©´ ì‚¬ì¤˜ì•¼ê² ë„¤ìš”ã…Žã…Žë„˜ì´ë»ìš”', 'ì™€~ì‚¬ëžŒë„ ì¸í˜•ë„ ê´€ë¦¬ê°€ ë“¤ì–´ê°€ì•¼ ë´ì¤„ë§Œ í•œê°€ë´ìš”~^^', 'ì™€..ì¸í˜•ê´€ë¦¬ëŠ” ë˜ ì²¨ë³´ë„¤ìš”..ã…Žã…Ž.ì‚¬ëžŒí•˜ê³  ë˜‘ê°™ë„¤ìš”..ëŒ€ë‹¨í•˜ì‹­ë‹ˆë‹¤..ã…Žã…Ž']"
11,https://blog.naver.com/love_yulian?Redirect=Log&logNo=222145388672,"ì €í¬ì§‘ì—ëŠ” ê¼¬ë§ˆë‹˜ë„ ìžˆê³ ì¹œì •ì—„ë§ˆê»˜ì„œ ë¹„ì—¼ì´ ìžˆìœ¼ì…”ì„œì„¸ì œë‚˜ ì„¬ìœ ìœ ì—°ì œë¥¼ ì‹ ê²½ì¨ì„œ ê³ ë¥´ê³  ìžˆì–´ìš”~â€‹â€‹ë„¤ì´ì³ëŸ¬ë¸Œë©”ë ˆNATURE LOVE MERE ëŠ”ë¯¸ëž˜ëŠ” ê³§ ìžì—°ì´ë©° í™˜ê²½ì´ë‹¤~ ë¼ëŠ” ì‚¬ëª…ìœ¼ë¡œì•„ê¸°ë“¤ì˜ ê±´ê°•ì„ ìœ„í•´ìžì—°ì„ ì—°êµ¬í•˜ê³  ì§€í‚¤ëŠ”ìžì—°ì¹œí™”ì  ì œí’ˆì„ ë§Œë“¤ê³  ìžˆë°ìš”~â€‹â€‹â€‹â€‹ë„¤ì´ì³ëŸ¬ë¸Œë©”ë ˆëŠ”ì„¸ì œ/ìœ ì—°ì œ ë”ë§ˆí…ŒìŠ¤íŠ¸ Excellent ë“±ê¸‰ì„ íŒì •ë°›ì•„êµ­ì œì§€ì¹¨ì— ë”°ë¼ ìˆ˜í–‰ëœí”¼ë¶€ê³¼ í…ŒìŠ¤íŠ¸ë¡œ í”¼ë¶€ê³¼ ì „ë¬¸ì˜ê°€ 1ë“±ê¸‰ìœ¼ë¡œ í•©ê²© íŒì • ì„ ì–¸!ìœ í•´ ì„±ë¶„ ì œì™¸ë¡œ ì•ˆì‹¬í•  ìˆ˜ ìžˆì–´ìš”~â€‹ìœ í•´ë¬¼ì§ˆ 15ì¢… ë¬´ì²¨ê°€, ë¶ˆê²€ì¶œ í™•ì¸ìœ¼ë¡œí”¼ë¶€ì—¼, ê¸°ê´€ì§€ì—¼ ë“± ì•„ì´ë“¤ì—ê²Œ í”ížˆ ì¼ì–´ë‚  ìˆ˜ ìžˆëŠ”ìœ í•´ë¬¼ì§ˆì„ ë„£ì§€ ì•Šì•˜ì–´ìš”~â€‹â€‹99.9% ì´ìƒì˜ ì‚´ê· íš¨ê³¼ë¡œì„¸íƒê³¼ ì‚´ê· ì„ í•œë²ˆì— í•´ê²°í•´ì£¼ë‹ˆ,ìš”ì¦˜ ê°™ì€ ì½”ë¡œë‚˜ ì‹œëŒ€ì— ì •ë§ ë¯¿ìŒì´ ê°€ì§€ìš”!â€‹ì„¸íƒ í›„ ë‚¨ì€ ì„¸ì œ ì°Œêº¼ê¸°ë„ ë¶„í•´í•˜ì—¬ì•„ì´ì˜ í”¼ë¶€ëŠ” ë¬¼ë¡ ,ìžì—°ìœ¼ë¡œ ëŒì•„ê°€ëŠ” ë¬¼ê¹Œì§€!ìžì—°ì„ ìƒê°í•˜ëŠ” ì•„ê¸° ì„¸ì œ!â€‹â€‹ì„¸ì²™ë ¥ í…ŒìŠ¤íŠ¸, ì¤‘ê¸ˆì† í…ŒìŠ¤íŠ¸,í•­ê· í•­ì—¼í…ŒìŠ¤íŠ¸ê¹Œì§€ ëª¨ë‘ í†µê³¼í•œ ì œí’ˆìœ¼ë¡œì†Œì¤‘í•œ ìš°ë¦¬ ì•„ê°€ë“¤~ ê¼¬ë§ˆë‹˜ë“¤ì—ê²Œ ì•ˆì „í•œ ì œí’ˆì´ì—ìš”!â€‹6ë…„ ì—°ì† í™˜ê²½ë¶€ ì¹œí™˜ê²½ ë§ˆíŠ¸ë„íšë“í–ˆë”ë¼êµ¬ìš”~ë¯¿ê³ !ì•ˆì‹¬í•˜ê³ !ì‚¬ìš©í•´ ë´ìš”~â€‹â€‹ë„¤ì´ì³ëŸ¬ë¸Œë©”ë ˆ ì•„ê¸°ì„¸ì œëŠ” í•©ì„±ê³„ë©´í™œì„±ì œë¥¼ ìµœì†Œí™”í•˜ê³ ì‹ë¬¼ì„±ê³„ë©´í™œì„±ì œë¥¼ ì‚¬ìš©í•˜ì—¬ì„±ì¸ ì„¸ì œë³´ë‹¤ëŠ” ì„¸ì³‘ë ¥ì´ ë–¨ì–´ì§€ì§€ë§Œì˜·ê° ì†ìƒì´ ì ì–´ê³ ê¸‰ ì˜ë¥˜ ì„¸íƒ ì‹œì—ë„ ì¢‹ì•„ìš”~â€‹â€‹ê¼¬ë§ˆë‹˜ì˜ ì˜·..ã…‹ã…‹ã…‹ë§ˆìŠ¤í¬ ì“°ê³  ìž ì‹œë¼ë„ ë†€ì´í„°ì—ì„œ ë›°ë†€ê¸°ë„ í•˜ê³ ì§‘ì—ì„œë„ ì´ˆì½”ê³¼ìžë‚˜ ê°ì¢… ìŒì‹ë¬¼ì„ ë¬»ížˆê¸°ë„ í•˜ê³ ì„¸ì œì™€ ì„¬ìœ ìœ ì—°ì œ ë„£ì–´ë³¼ê»˜ìš”~â€‹â€‹ë°”ì§€ í•˜ë‹¨ì— ë¬´ë¦Žë¶€í„°.. ë³´ì´ì‹œë‚˜ìš”?ë†€ì´í„° ë¯¸ë„ëŸ¼í‹€ì´ ê¹¨ë—í•´ìš” ì €í¬ ê¼¬ë§ˆë‹˜ì´ ë¬´ë¦Žìœ¼ë¡œ ë‹¤ ë‹¦ì•„ì¤¬ê±°ë“ ìš” ã…‹ã…‹ã…‹â€‹â€‹ìœ¼ì•… ã… ã… ì„¸íƒ í•˜ê¸° ì „ì˜.. ë°”ì§€ëŠ”..ë²„ë ¤ë„ ë  ìˆ˜ì¤€ì¸ë°ìš” ã…‹ã…‹â€‹ìž‘ë…„ë¶€í„° ìž…ì–´ì„œì‚´ì§ ê¸¸ì´ë„ ì§§ì•„ì§„ ë°”ì§€ë¼..ì„¸íƒí•˜ì§€ ë§ê³  ë²„ë¦´ê¹Œ...ì‚¬ì‹¤ ì‚¬ì§„ ì°ìœ¼ë©´ì„œ ì‹¬ížˆ ê³ ë¯¼í–ˆì–´ìš”  ^^;;â€‹ê·¸ëž˜ë„ ì„¸íƒì´ ìž˜ ë˜ì—ˆì£ ?ê¹”ë”ê¹”ë”ì•ˆ ë²„ë¦¬ê¸¸ ë‹¤í–‰ì´ë„¤ìš” ã…Žã…Žã…Žâ€‹ì„¬ìœ ìœ ì—°ì œë¥¼ ë„£ì–´ì£¼ë©´ì„¸íƒ í›„ì—ë„ ë³´ë“¤ë³´ë“¤í•œ ëŠë‚Œê³¼ì€ì€í•œ í–¥ì´~ë„ˆë¬´ ì¢‹ìž–ì•„ìš”~â€‹ì €í¬ì§‘ì€ ì£¼ë¡œ ìžì—° ê±´ì¡° í›„ì—,5~10ë¶„ ì •ë„ë§Œ ì§§ê²Œ ê±´ì¡°ê¸°ë¥¼ ëŒë¦¬ëŠ”ë°,ìš”ë ‡ê²Œ í•˜ê³  ë‚˜ì˜¤ë©´,ë”°ëœ»í•˜ê³  ë³´ì†¡ë³´ì†¡í•˜ë©´ì„œì„¬ìœ ìœ ì—°ì œ í–¥ì´ ì†”ì†”~ê¼¬ë§ˆë‹˜ì´ ë„ˆë¬´ ì¢‹ì•„í•´ìš”~â€‹â€‹â€‹ì‚¬ì‹¤ ì €í¬ì§‘ì€ê¼¬ë§ˆë‹˜ì´ ì•„ê°€ëŠ” ì•„ë‹ˆë¼ì„œê¼¬ë§ˆë‹˜ ì˜·ê³¼ ì–´ë¥¸ ì˜·ì„ ê°™ì´ ì„¸íƒí•´ìš”~â€‹ì¹¨êµ¬ë„ ë§ˆì°¬ê°€ì§€ì—ìš”~ì£¼ë§ë§ˆë‹¤ ì¹¨êµ¬ ì„¸íƒì„ í•˜ëŠ”ë°,ê¼¬ë§ˆë‹˜ê³¼ í•¨ê»˜ ì‚¬ìš©í•˜ëŠ” ë² ê°œì»¤ë²„ì™€ì´ë¶ˆ ì„¸íƒì—ë„ë„¤ì´ì³ëŸ¬ë¸Œë©”ë ˆNATURE LOVE MEREì•„ê¸°ì„¸ì œì™€  ì•„ê¸°ì„¬ìœ ìœ ì—°ì œ ë„£ì–´ì¤ë‹ˆë‹¤~â€‹â€‹ì„¬ìœ ìœ ì—°ì œëŠ” ì œê°€ ë„£ì—ˆì–´ìš”~ê·¸ëŸ°ë° ì„¸ì œëŠ” ë³¸ì¸ì´ ë„£ê² ë‹¤ê³  ê¼¬ë§ˆë‹˜ì´ ëŒ€ê¸°ì¤‘ìž…ë‹ˆë‹¤~â€‹â€‹ìœ ì•„ì„¬ìœ ìœ ì—°ì œëŠ”ì„¬ìœ ìœ ì—°ì œ ì¹¸ì— ì ë‹¹ëŸ‰ ë„£ì–´ì£¼ê³ ìš”~â€‹â€‹ì•„ê¸°ì„¸ì œëŠ” ì•¡ì²´í˜• ì„¸ì œë¼ì„œ ë¬¼ì„ ì±„ìš´ í›„ì— ë„£ì–´ì£¼ë ¤êµ¬ìš”~ë¬¼ì„ ë¨¼ì € ë°›ì•„ì¤ë‹ˆë‹¤~â€‹â€‹ëšœê»‘ì„ ê³„ëŸ‰ì»µìœ¼ë¡œ ì‚¬ìš© ê°€ëŠ¥í•´ìš”~ê¼¬ë§ˆë‹˜ì´ ì»µì„ ë“¤ê³  ìžˆê³ ,ì œê°€ ë”°ë¼ ì£¼ì—ˆì–´ìš”~â€‹â€‹ê¼¬ë§ˆë‹˜ì´ ì„¸íƒê¸°ì— ë¶€ì–´ì¤ë‹ˆë‹¤~ ì¹œêµ¬ë„¤ ì§‘ì— ë†€ëŸ¬ê°€ê¸°ë¡œ í•´ì„œì™¸íˆ¬ê¹Œì§€ ìž…ê³  ìžˆë„¤ìš”~ ã…Žã…Žâ€‹ì„¸íƒì´ ì™„ë£Œëœ ë² ê°œ ì»¤ë²„ë“¤~ë§ë ¤ì£¼ì–´ìš”~â€‹ì•„ê°€ë“¤ê³¼ ê¼¬ë§ˆë“¤ê±±ì •ì—†ì´ ì‚¬ìš©í•  ìˆ˜ ìžˆëŠ”ìœ ì•„ì„¬ìœ ìœ ì—°ì œ ì•„ê¸°ì„¸ì œë„¤ì´ì³ëŸ¬ë¸Œë©”ë ˆNATURE LOVE MEREì¶”ì²œí•©ë‹ˆë‹¤~â€‹#ë„¤ì´ì³ëŸ¬ë¸Œë©”ë ˆ #ì•„ê¸°ì„¬ìœ ìœ ì—°ì œ#ìœ ì•„ì„¬ìœ ìœ ì—°ì œ #ì•„ê¸°ì„¸ì œ",20,0,3,245,14,2,"['ì •ë³´ ê°ì‚¬í•´ìš”!! ì‹ ì²´ë‚˜ í™˜ê²½ì—ë„ ì•„ë¬´ëž˜ë„ ë” ì•ˆì „í•œ ì œí’ˆì´ê²Ÿì–´ìš” ã…Ž', 'ê·¸ìµ¸~ ê¼¬ë§ˆë‹˜ì´ ìžˆì–´ì„œ ê±´ê°•ì— ì¢‹ì€, ì•ˆì‹¬ë˜ëŠ” ì œí’ˆì´ í•„ìš”í•˜ë”ë¼êµ¬ìš”~', 'ì•„ì´ë“¤ì„ ìœ„í•œ ì œí’ˆì´ë¼ì„œ í™•ì‹¤ížˆ ë” ë¯¿ìŒì´ ê°€ëŠ” ê²ƒ ê°™ì•„ìš”~!! ë¯¿ê³  ì‚¬ìš©í•  ìˆ˜ ìžˆëŠ” ì„¬ìœ ìœ ì—°ì œë„¤ìš” ã…Žã…Ž ìžì£¼ ì†Œí†µí•˜ê³  ì‹¶ì–´ ì„œì´ì¶”ë„ ê¾¸ìš± ë“œë¦¬ê³  ê°€ìš”><', 'ê°ì‚¬í•©ë‹ˆë‹¤!!í–¥ê¸°ë„ ì¢‹ê³ , ì„¸íƒë ¥ë„ ì¢‹ë”ë¼êµ¬ìš”~~', 'í¬ìŠ¤íŒ… ìž˜ë³´ì•˜ìŠµë‹ˆë‹¤ í™œê¸°ì°¬ ì›”ìš”ì¼ ë³´ë‚´ì„¸ìš”', 'ê°ì‚¬í•©ë‹ˆë‹¤~~~ì‹œê°„ì´ ë„ˆë¬´ ë¹¨ë¼ìš” ã… ã…  ë²Œì¨ í™”ìš”ì¼... ë²Œì¨ 11ì›” ì¤‘ìˆœì´ì—ìš” ã… ã… ê±´ê°•í•œ ì—°ë§ ë˜ì„¸ìš”~', 'ì•„ê¸°ì˜·ì€ ê´œížˆ ë” ì‹ ê²½ì“°ì´ëŠ” ê±´ ë§žëŠ” ê²ƒ ê°™ì•„ìš”.. ì €ë„ ì•„ì§ê¹Œì§€ ì•„ê¸°ì„¸ì œë¡œ........', 'ê·¸ìµ¸.. ì•„ì´ë“¤ ì˜·ì´ ê±±ì • ë˜ê¸´ í•´ìš”..ìš”ì¦˜ì€ ë¯¸ì„¸ë¨¼ì§€, ë¯¸ì„¸í”Œë¼ìŠ¤í‹±.. ë³„ë³„ê²Œ ë‹¤ ê·¸ë ‡ì£  ã… ã… ', 'ì €ë„í•œë²ˆ ì¨ë´ì•¼ê² ë„¤ìš”', 'ë„¤~~  í–¥ê¸°ë„ ì¢‹ì•„ìš”~~~', 'ìž˜ë³´ê³  ê°‘ë‹ˆë‹¹â™¥ï¸', 'ê°ì‚¬í•©ë‹ˆë‹¤~~~']"
