,Link
0,https://blog.naver.com/nimoforever?Redirect=Log&logNo=222101760136
1,https://blog.naver.com/nimoforever?Redirect=Log&logNo=221516456245
2,https://blog.naver.com/nimoforever?Redirect=Log&logNo=220872658389
3,https://blog.naver.com/nimoforever?Redirect=Log&logNo=221887711249
4,https://blog.naver.com/nimoforever?Redirect=Log&logNo=220649563235
5,https://blog.naver.com/nimoforever?Redirect=Log&logNo=222186281296
6,https://blog.naver.com/nimoforever?Redirect=Log&logNo=222355266341
7,https://blog.naver.com/nimoforever?Redirect=Log&logNo=222146060354
8,https://blog.naver.com/nimoforever?Redirect=Log&logNo=222383585047
9,https://blog.naver.com/nimoforever?Redirect=Log&logNo=222077282390
10,https://blog.naver.com/nimoforever?Redirect=Log&logNo=222073462442
11,https://blog.naver.com/nimoforever?Redirect=Log&logNo=221607947665
12,https://blog.naver.com/nimoforever?Redirect=Log&logNo=222280131101
13,https://blog.naver.com/nimoforever?Redirect=Log&logNo=221629419394
14,https://blog.naver.com/nimoforever?Redirect=Log&logNo=221011129834
15,https://blog.naver.com/nimoforever?Redirect=Log&logNo=220823798806
16,https://blog.naver.com/nimoforever?Redirect=Log&logNo=220738162878
17,https://blog.naver.com/nimoforever?Redirect=Log&logNo=222443158127
18,https://blog.naver.com/nimoforever?Redirect=Log&logNo=222334013375
19,https://blog.naver.com/nimoforever?Redirect=Log&logNo=222239238656
20,https://blog.naver.com/nimoforever?Redirect=Log&logNo=222098818049
21,https://blog.naver.com/nimoforever?Redirect=Log&logNo=222023667497
22,https://blog.naver.com/nimoforever?Redirect=Log&logNo=222018496222
23,https://blog.naver.com/nimoforever?Redirect=Log&logNo=221977344566
24,https://blog.naver.com/nimoforever?Redirect=Log&logNo=222414081132
25,https://blog.naver.com/nimoforever?Redirect=Log&logNo=222412794372
26,https://blog.naver.com/nimoforever?Redirect=Log&logNo=222347323089
27,https://blog.naver.com/nimoforever?Redirect=Log&logNo=222148083538
28,https://blog.naver.com/nimoforever?Redirect=Log&logNo=222102667347
29,https://blog.naver.com/nimoforever?Redirect=Log&logNo=221736228545
30,https://blog.naver.com/nimoforever?Redirect=Log&logNo=221681365951
31,https://blog.naver.com/nimoforever?Redirect=Log&logNo=221663784956
32,https://blog.naver.com/nimoforever?Redirect=Log&logNo=221663470494
33,https://blog.naver.com/nimoforever?Redirect=Log&logNo=221646020064
34,https://blog.naver.com/nimoforever?Redirect=Log&logNo=221575910618
35,https://blog.naver.com/nimoforever?Redirect=Log&logNo=221562214698
36,https://blog.naver.com/nimoforever?Redirect=Log&logNo=221265551445
37,https://blog.naver.com/nimoforever?Redirect=Log&logNo=221024858062
38,https://blog.naver.com/nimoforever?Redirect=Log&logNo=221022521871
39,https://blog.naver.com/nimoforever?Redirect=Log&logNo=221012068660
40,https://blog.naver.com/nimoforever?Redirect=Log&logNo=221000927155
41,https://blog.naver.com/nimoforever?Redirect=Log&logNo=220959128807
42,https://blog.naver.com/nimoforever?Redirect=Log&logNo=220956231852
43,https://blog.naver.com/nimoforever?Redirect=Log&logNo=220945666935
44,https://blog.naver.com/nimoforever?Redirect=Log&logNo=220940382654
45,https://blog.naver.com/nimoforever?Redirect=Log&logNo=220931764512
46,https://blog.naver.com/nimoforever?Redirect=Log&logNo=220906991487
47,https://blog.naver.com/nimoforever?Redirect=Log&logNo=220870423725
48,https://blog.naver.com/nimoforever?Redirect=Log&logNo=220838339174
49,https://blog.naver.com/nimoforever?Redirect=Log&logNo=220819380304
50,https://blog.naver.com/nimoforever?Redirect=Log&logNo=220674829686
51,https://blog.naver.com/nimoforever?Redirect=Log&logNo=220672557210
52,https://blog.naver.com/nimoforever?Redirect=Log&logNo=220647903997
53,https://blog.naver.com/nimoforever?Redirect=Log&logNo=221690483147
54,https://blog.naver.com/nimoforever?Redirect=Log&logNo=221239273939
55,https://blog.naver.com/nimoforever?Redirect=Log&logNo=220849717162
56,https://blog.naver.com/nimoforever?Redirect=Log&logNo=222389583768
57,https://blog.naver.com/nimoforever?Redirect=Log&logNo=221973733813
58,https://blog.naver.com/nimoforever?Redirect=Log&logNo=221420100125
59,https://blog.naver.com/nimoforever?Redirect=Log&logNo=221304090231
60,https://blog.naver.com/nimoforever?Redirect=Log&logNo=220929790257
61,https://blog.naver.com/nimoforever?Redirect=Log&logNo=222207662559
62,https://blog.naver.com/nimoforever?Redirect=Log&logNo=221108825767
63,https://blog.naver.com/nimoforever?Redirect=Log&logNo=221102453169
64,https://blog.naver.com/nimoforever?Redirect=Log&logNo=221096313477
65,https://blog.naver.com/nimoforever?Redirect=Log&logNo=221007320845
66,https://blog.naver.com/nimoforever?Redirect=Log&logNo=221001245254
67,https://blog.naver.com/nimoforever?Redirect=Log&logNo=222019771665
68,https://blog.naver.com/nimoforever?Redirect=Log&logNo=222254167696
69,https://blog.naver.com/nimoforever?Redirect=Log&logNo=222179726949
70,https://blog.naver.com/nimoforever?Redirect=Log&logNo=222170993821
71,https://blog.naver.com/nimoforever?Redirect=Log&logNo=221096313477
72,https://blog.naver.com/nimoforever?Redirect=Log&logNo=220668608566
